INSERT INTO `permissions` (`id`, `resource`, `action`, `created_at`, `updated_at`) VALUES
	(1, 'exercice', 'access', '2026-03-16 01:23:39', '2026-03-16 01:23:39'),
	(2, 'exercice', 'create', '2026-03-16 01:23:39', '2026-03-16 01:23:39'),
	(3, 'exercice', 'read', '2026-03-16 01:23:39', '2026-03-16 01:23:39'),
	(4, 'exercice', 'update', '2026-03-16 01:23:39', '2026-03-16 01:23:39'),
	(5, 'exercice', 'delete', '2026-03-16 01:23:39', '2026-03-16 01:23:39'),
	(6, 'agent', 'access', '2026-03-16 01:23:39', '2026-03-16 01:23:39'),
	(7, 'agent', 'create', '2026-03-16 01:23:39', '2026-03-16 01:23:39'),
	(8, 'agent', 'read', '2026-03-16 01:23:39', '2026-03-16 01:23:39'),
	(9, 'agent', 'update', '2026-03-16 01:23:39', '2026-03-16 01:23:39'),
	(10, 'agent', 'delete', '2026-03-16 01:23:39', '2026-03-16 01:23:39'),
	(11, 'pieces', 'access', '2026-03-16 01:23:39', '2026-03-16 01:23:39'),
	(12, 'pieces', 'create', '2026-03-16 01:23:39', '2026-03-16 01:23:39'),
	(13, 'pieces', 'read', '2026-03-16 01:23:39', '2026-03-16 01:23:39'),
	(14, 'pieces', 'update', '2026-03-16 01:23:39', '2026-03-16 01:23:39'),
	(15, 'pieces', 'delete', '2026-03-16 01:23:40', '2026-03-16 01:23:40'),
	(16, 'statistique', 'access', '2026-03-16 01:23:40', '2026-03-16 01:23:40'),
	(17, 'statistique', 'create', '2026-03-16 01:23:40', '2026-03-16 01:23:40'),
	(18, 'statistique', 'read', '2026-03-16 01:23:40', '2026-03-16 01:23:40'),
	(19, 'statistique', 'update', '2026-03-16 01:23:40', '2026-03-16 01:23:40'),
	(20, 'droit', 'access', '2026-03-16 01:23:40', '2026-03-16 01:23:40'),
	(21, 'droit', 'create', '2026-03-16 01:23:40', '2026-03-16 01:23:40'),
	(22, 'droit', 'read', '2026-03-16 01:23:40', '2026-03-16 01:23:40'),
	(23, 'droit', 'update', '2026-03-16 01:23:40', '2026-03-16 01:23:40'),
	(24, 'droit', 'delete', '2026-03-16 01:23:40', '2026-03-16 01:23:40'),
	(25, 'fonction', 'access', '2026-03-16 01:23:40', '2026-03-16 01:23:40'),
	(26, 'fonction', 'read', '2026-03-16 01:23:40', '2026-03-16 01:23:40'),
	(27, 'fonction', 'create', '2026-03-16 01:23:40', '2026-03-16 01:23:40'),
	(28, 'fonction', 'update', '2026-03-16 01:23:40', '2026-03-16 01:23:40'),
	(29, 'fonction', 'delete', '2026-03-16 01:23:40', '2026-03-16 01:23:40'),
	(30, 'document', 'access', '2026-03-16 01:23:40', '2026-03-16 01:23:40'),
	(31, 'document', 'read', '2026-03-16 01:23:40', '2026-03-16 01:23:40'),
	(32, 'document', 'create', '2026-03-16 01:23:40', '2026-03-16 01:23:40'),
	(33, 'document', 'update', '2026-03-16 01:23:40', '2026-03-16 01:23:40'),
	(34, 'document', 'delete', '2026-03-16 01:23:40', '2026-03-16 01:23:40'),
	(35, 'documentType', 'access', '2026-03-16 01:23:40', '2026-03-16 01:23:40'),
	(36, 'documentType', 'read', '2026-03-16 01:23:40', '2026-03-16 01:23:40'),
	(37, 'documentType', 'create', '2026-03-16 01:23:40', '2026-03-16 01:23:40'),
	(38, 'documentType', 'update', '2026-03-16 01:23:40', '2026-03-16 01:23:40'),
	(39, 'documentType', 'delete', '2026-03-16 01:23:40', '2026-03-16 01:23:40'),
	(40, 'historique', 'access', '2026-03-16 01:23:40', '2026-03-16 01:23:40'),
	(41, 'historique', 'read', '2026-03-16 01:23:40', '2026-03-16 01:23:40'),
	(42, 'entiteeUn', 'access', '2026-03-16 01:23:40', '2026-03-16 01:23:40'),
	(43, 'entiteeUn', 'create', '2026-03-16 01:23:40', '2026-03-16 01:23:40'),
	(44, 'entiteeUn', 'read', '2026-03-16 01:23:40', '2026-03-16 01:23:40'),
	(45, 'entiteeUn', 'update', '2026-03-16 01:23:40', '2026-03-16 01:23:40'),
	(46, 'entiteeUn', 'delete', '2026-03-16 01:23:41', '2026-03-16 01:23:41'),
	(47, 'entiteeDeux', 'access', '2026-03-16 01:23:41', '2026-03-16 01:23:41'),
	(48, 'entiteeDeux', 'create', '2026-03-16 01:23:41', '2026-03-16 01:23:41'),
	(49, 'entiteeDeux', 'read', '2026-03-16 01:23:41', '2026-03-16 01:23:41'),
	(50, 'entiteeDeux', 'update', '2026-03-16 01:23:41', '2026-03-16 01:23:41'),
	(51, 'entiteeDeux', 'delete', '2026-03-16 01:23:41', '2026-03-16 01:23:41'),
	(52, 'entiteeTrois', 'access', '2026-03-16 01:23:41', '2026-03-16 01:23:41'),
	(53, 'entiteeTrois', 'create', '2026-03-16 01:23:41', '2026-03-16 01:23:41'),
	(54, 'entiteeTrois', 'read', '2026-03-16 01:23:41', '2026-03-16 01:23:41'),
	(55, 'entiteeTrois', 'update', '2026-03-16 01:23:41', '2026-03-16 01:23:41'),
	(56, 'entiteeTrois', 'delete', '2026-03-16 01:23:41', '2026-03-16 01:23:41'),
	(57, 'salle', 'access', '2026-03-16 01:23:41', '2026-03-16 01:23:41'),
	(58, 'salle', 'create', '2026-03-16 01:23:41', '2026-03-16 01:23:41'),
	(59, 'salle', 'read', '2026-03-16 01:23:41', '2026-03-16 01:23:41'),
	(60, 'salle', 'update', '2026-03-16 01:23:41', '2026-03-16 01:23:41'),
	(61, 'salle', 'delete', '2026-03-16 01:23:41', '2026-03-16 01:23:41'),
	(62, 'rayon', 'access', '2026-03-16 01:23:41', '2026-03-16 01:23:41'),
	(63, 'rayon', 'create', '2026-03-16 01:23:41', '2026-03-16 01:23:41'),
	(64, 'rayon', 'read', '2026-03-16 01:23:41', '2026-03-16 01:23:41'),
	(65, 'rayon', 'update', '2026-03-16 01:23:41', '2026-03-16 01:23:41'),
	(66, 'rayon', 'delete', '2026-03-16 01:23:41', '2026-03-16 01:23:41'),
	(67, 'box', 'access', '2026-03-16 01:23:41', '2026-03-16 01:23:41'),
	(68, 'box', 'create', '2026-03-16 01:23:41', '2026-03-16 01:23:41'),
	(69, 'box', 'read', '2026-03-16 01:23:41', '2026-03-16 01:23:41'),
	(70, 'box', 'update', '2026-03-16 01:23:41', '2026-03-16 01:23:41'),
	(71, 'box', 'delete', '2026-03-16 01:23:41', '2026-03-16 01:23:41'),
	(72, 'trave', 'access', '2026-03-16 01:23:41', '2026-03-16 01:23:41'),
	(73, 'trave', 'create', '2026-03-16 01:23:41', '2026-03-16 01:23:41'),
	(74, 'trave', 'read', '2026-03-16 01:23:41', '2026-03-16 01:23:41'),
	(75, 'trave', 'update', '2026-03-16 01:23:42', '2026-03-16 01:23:42'),
	(76, 'trave', 'delete', '2026-03-16 01:23:42', '2026-03-16 01:23:42'),
	(77, 'site', 'access', '2026-03-16 01:23:42', '2026-03-16 01:23:42'),
	(78, 'site', 'create', '2026-03-16 01:23:42', '2026-03-16 01:23:42'),
	(79, 'site', 'read', '2026-03-16 01:23:42', '2026-03-16 01:23:42'),
	(80, 'site', 'update', '2026-03-16 01:23:42', '2026-03-16 01:23:42'),
	(81, 'site', 'delete', '2026-03-16 01:23:42', '2026-03-16 01:23:42');
INSERT INTO `droit` (`id`, `libelle`, `created_at`, `updated_at`) VALUES
	(4, 'Administrateur', '2026-03-16 01:36:29', '2026-03-16 01:36:29'),
	(5, 'Archiviste ', '2026-03-16 12:00:39', '2026-03-16 12:00:39');
INSERT INTO `entitee_un` (`id`, `titre`, `code`, `libelle`, `created_at`, `updated_at`) VALUES
	(1, 'Direction', 'DIR-001', 'Direction générale', '2026-03-16 01:45:28', '2026-03-23 10:14:24'),
	(4, 'Direction', 'DIR-002', 'DIRECTION DE LA COMPTABILITE ET DES FINANCES', '2026-03-23 10:15:30', '2026-03-23 10:15:30'),
	(5, 'Direction', 'DIR-003', 'DIRECTION DE L\'EXPLOITATION', '2026-03-23 10:17:20', '2026-03-23 10:17:20'),
	(6, 'Direction', 'DIR-004', 'DIRECTION DE LA DIGITALISATION ET DES SYSTÈMES D\'INFORMATIONS', '2026-03-23 10:17:55', '2026-03-23 10:17:55'),
	(7, 'Direction', 'DIR-005', 'DIRECTION DU CONTRÔLE PERMANENT', '2026-03-23 10:18:29', '2026-03-23 10:18:29'),
	(8, 'Direction', 'DIR-006', 'DIRECTION DE LA GESTION DES RISQUES', '2026-03-23 10:18:42', '2026-03-23 10:18:42'),
	(9, 'Direction', 'DIR-007', 'DIRECTION DE L\'AUDIT INTERNE ', '2026-03-23 10:18:58', '2026-03-23 10:18:58'),
	(10, 'Direction', 'DIR-008', 'DIRECTION DE L\'ADMINISTRATION ET DE LA LOGISTIQUE ', '2026-03-23 10:19:17', '2026-03-23 10:19:17'),
	(11, 'Direction', 'DIR-009', 'DIRECTION DES RESSOURCES HUMAINES ', '2026-03-23 10:19:31', '2026-03-23 10:19:31'),
	(14, 'Direction', 'DIR-012', 'AGENCES', '2026-03-23 11:49:58', '2026-03-23 11:49:58');
INSERT INTO `droit_permission` (`droit_id`, `permission_id`) VALUES
	(4, 1),
	(4, 2),
	(4, 3),
	(4, 4),
	(4, 5),
	(4, 6),
	(4, 7),
	(4, 8),
	(4, 9),
	(4, 10),
	(4, 11),
	(4, 12),
	(4, 13),
	(4, 14),
	(4, 15),
	(4, 16),
	(4, 17),
	(4, 18),
	(4, 19),
	(4, 20),
	(4, 21),
	(4, 22),
	(4, 23),
	(4, 24),
	(4, 25),
	(4, 26),
	(4, 27),
	(4, 28),
	(4, 29),
	(4, 30),
	(4, 31),
	(4, 32),
	(4, 33),
	(4, 34),
	(4, 35),
	(4, 36),
	(4, 37),
	(4, 38),
	(4, 39),
	(4, 40),
	(4, 41),
	(4, 42),
	(4, 43),
	(4, 44),
	(4, 45),
	(4, 46),
	(4, 47),
	(4, 48),
	(4, 49),
	(4, 50),
	(4, 51),
	(4, 52),
	(4, 53),
	(4, 54),
	(4, 55),
	(4, 56),
	(4, 57),
	(4, 58),
	(4, 59),
	(4, 60),
	(4, 61),
	(4, 62),
	(4, 63),
	(4, 64),
	(4, 65),
	(4, 66),
	(4, 67),
	(4, 68),
	(4, 69),
	(4, 70),
	(4, 71),
	(4, 72),
	(4, 73),
	(4, 74),
	(4, 75),
	(4, 76),
	(4, 77),
	(4, 78),
	(4, 79),
	(4, 80),
	(4, 81),
	(5, 30),
	(5, 31),
	(5, 32),
	(5, 33),
	(5, 34),
	(5, 36),
	(5, 44),
	(5, 49),
	(5, 54);
INSERT INTO `entitee_deux` (`id`, `titre`, `code`, `libelle`, `entitee_un_id`, `created_at`, `updated_at`) VALUES
	(2, 'Service', 'SER-001', 'CELLULE DE LA SECURITE DU SYSTÈME D\'INFORMATION', 1, '2026-03-23 10:10:54', '2026-03-23 10:14:41'),
	(3, 'Service', 'SER-002', 'CELLULE DE LA CONFORMITE ET DE LA LCBCFT', 1, '2026-03-23 10:11:41', '2026-03-23 10:12:15'),
	(4, 'Service', 'SER-003', 'SERVICE DE LA COMPTABILITE ', 4, '2026-03-23 11:23:53', '2026-03-23 11:24:44'),
	(5, 'Service', 'SER-004', 'SERVICE DE LA TRESORERIE ET DES FINANCEMENTS', 4, '2026-03-23 11:25:28', '2026-03-23 11:25:28'),
	(6, 'Service', 'SER-005', 'SERVICE DU BUDGET ET DU CONTRÔLE DE GESTION', 4, '2026-03-23 11:25:48', '2026-03-23 11:25:48'),
	(7, 'Service', 'SER-006', 'SERVICE DU CREDIT ', 5, '2026-03-23 11:26:29', '2026-03-23 11:26:29'),
	(8, 'Service', 'SER-007', 'SERVICE DE L\'EPARGNE ET DES OPERATIONS DIVERSES', 5, '2026-03-23 11:26:59', '2026-03-23 11:26:59'),
	(9, 'Service', 'SER-008', 'SERVICE DU MARKETING ET DU DEVELOPPEMENT DES PRODUITS ', 5, '2026-03-23 11:27:24', '2026-03-23 11:27:24'),
	(10, 'Service', 'SER-009', 'SERVICE DU SUPPORT, DE L\'ASSISTANCE ET DE LA VEILLE TECHNOLOGIQUE', 6, '2026-03-23 11:27:50', '2026-03-23 11:27:50'),
	(11, 'Service', 'SER-010', 'SERVICE DU DEVELOPPEMENT ET DE LA TRANSFORMATION DIGITALE ', 6, '2026-03-23 11:28:02', '2026-03-23 11:28:02'),
	(12, 'Service', 'SER-011', 'SERVICE DE LA GESTION ET DE LA SECURISATION DES SYSTEMES D\'INFORMATIONS ', 6, '2026-03-23 11:28:14', '2026-03-23 11:28:14'),
	(13, 'Service', 'SER-012', 'SERVICE DU CONTRÔLE DES ACTIVITES DE LA DIRECTION GENERALE ', 7, '2026-03-23 11:28:36', '2026-03-23 11:28:36'),
	(14, 'Service', 'SER-013', 'SERVICE DU CONTRÔLE DES ACTIVITES DES AGENCES ', 7, '2026-03-23 11:28:48', '2026-03-23 11:28:48'),
	(15, 'Service', 'SER-014', 'SERVICE DE L\'ANALYSE DES RISQUES ', 8, '2026-03-23 11:29:10', '2026-03-23 11:29:10'),
	(16, 'Service', 'SER-015', 'SERVICE DU SUIVI DES RISQUES ', 8, '2026-03-23 11:29:20', '2026-03-23 11:29:20'),
	(17, 'Service', 'SER-016', 'POLE D\'AUDITEURS INTERNE ', 9, '2026-03-23 11:29:39', '2026-03-23 11:29:39'),
	(18, 'Service', 'SER-017', 'SERVICE DU SECRETARIAT ADMINISTRATIF ', 10, '2026-03-23 11:29:58', '2026-03-23 11:29:58'),
	(19, 'Service', 'SER-018', 'SERVICE DU PATRIMOINE ET DE LA LOGISTIQUE ', 10, '2026-03-23 11:30:13', '2026-03-23 11:30:13'),
	(20, 'Service', 'SER-019', 'SERVICE DES ARCHIVES ', 10, '2026-03-23 11:30:24', '2026-03-23 11:30:24'),
	(21, 'Service', 'SER-020', 'SERVICE DE L\'ADMINISTRATION DU PERSONNEL ET DES RELATIONS SOCIALES', 10, '2026-03-23 11:30:45', '2026-03-23 11:30:45'),
	(22, 'Service', 'SER-021', 'SERVICE DU RECRUTEMENT DE LA GESTION DES PERFORMANCES ET DE LA MOBILITE ', 11, '2026-03-23 11:30:56', '2026-03-23 11:30:56'),
	(23, 'Service', 'SER-022', 'SERVICE DE LA FORMATION ', 11, '2026-03-23 11:31:09', '2026-03-23 11:31:09'),
	(24, 'Service', 'SER-023', 'CELLULE JURIDIQUE ', 1, '2026-03-23 12:20:35', '2026-03-23 12:20:35');
INSERT INTO `fonctions` (`id`, `libelle`, `entitee_un_id`, `entitee_deux_id`, `entitee_trois_id`, `created_at`, `updated_at`) VALUES
	(1, 'Directeur Général', 1, NULL, NULL, '2026-03-16 01:47:03', '2026-03-23 10:05:38'),
	(2, 'Assistant du Directeur Général', 1, NULL, NULL, '2026-03-16 12:05:05', '2026-03-23 10:05:07'),
	(3, 'DIRECTEUR DE LA COMPTABILITE ET DES FINANCES', 4, NULL, NULL, '2026-03-23 11:43:08', '2026-03-23 11:43:08'),
	(4, 'DIRECTEUR DE L\'EXPLOITATION', 5, NULL, NULL, '2026-03-23 11:43:33', '2026-03-23 11:43:33'),
	(5, 'DIRECTEUR DE LA DIGITALISATION ET DES SYSTÈMES D\'INFORMATIONS', 6, NULL, NULL, '2026-03-23 11:44:09', '2026-03-23 11:44:09'),
	(6, 'DIRECTEUR DU CONTRÔLE PERMANENT', 7, NULL, NULL, '2026-03-23 11:44:35', '2026-03-23 11:44:35'),
	(7, 'DIRECTEUR DE LA GESTION DES RISQUES', 8, NULL, NULL, '2026-03-23 11:44:53', '2026-03-23 11:44:53'),
	(8, 'DIRECTEUR DE L\'AUDIT INTERNE', 9, NULL, NULL, '2026-03-23 11:45:07', '2026-03-23 11:45:07'),
	(9, 'DIRECTEUR DE L\'ADMINISTRATION ET DE LA LOGISTIQUE', 10, NULL, NULL, '2026-03-23 11:45:21', '2026-03-23 11:45:21'),
	(10, 'DIRECTEUR DES RESSOURCES HUMAINES', 11, NULL, NULL, '2026-03-23 11:45:36', '2026-03-23 11:45:36'),
	(15, 'Chef d’Agence', 14, NULL, NULL, '2026-03-23 11:50:23', '2026-03-23 11:50:23'),
	(16, 'Assistant au Chef d’Agence', 14, NULL, NULL, '2026-03-23 11:50:32', '2026-03-23 11:50:32'),
	(17, 'Agent Administratif', 14, NULL, NULL, '2026-03-23 11:50:42', '2026-03-23 11:50:42'),
	(18, 'Agent Comptable', 14, NULL, NULL, '2026-03-23 11:50:56', '2026-03-23 11:50:56'),
	(19, 'Superviseur des Recouvrements', 14, NULL, NULL, '2026-03-23 11:51:05', '2026-03-23 11:51:05'),
	(20, 'Agent de Recouvrement', 14, NULL, NULL, '2026-03-23 11:51:14', '2026-03-23 11:51:14'),
	(21, 'Agent de liaison', 14, NULL, NULL, '2026-03-23 11:51:25', '2026-03-23 11:51:25'),
	(22, 'Conducteur de véhicule', 14, NULL, NULL, '2026-03-23 11:51:35', '2026-03-23 11:51:35'),
	(23, 'Chef de Bureau', 14, NULL, NULL, '2026-03-23 11:51:46', '2026-03-23 11:51:46'),
	(24, 'Agent de Bureau', 14, NULL, NULL, '2026-03-23 11:51:56', '2026-03-23 11:51:56'),
	(25, 'Animateur', 14, NULL, NULL, '2026-03-23 11:52:06', '2026-03-23 11:52:06'),
	(26, 'Caissier', 14, NULL, NULL, '2026-03-23 11:52:16', '2026-03-23 11:52:16'),
	(27, 'Chargé de prêt', 14, NULL, NULL, '2026-03-23 11:52:25', '2026-03-23 11:52:25'),
	(28, 'Superviseur d’Épargne', 14, NULL, NULL, '2026-03-23 11:52:38', '2026-03-23 11:52:38'),
	(29, 'Collecteur d’Épargne', 14, NULL, NULL, '2026-03-23 11:52:49', '2026-03-23 11:52:49'),
	(30, 'Chef du Service de la Comptabilité', NULL, 4, NULL, '2026-03-23 11:54:45', '2026-03-23 11:54:45'),
	(31, 'Chargé de la Comptabilité Générale', NULL, 4, NULL, '2026-03-23 11:54:59', '2026-03-23 11:54:59'),
	(32, 'Agents d\'appui à la comptabilité', NULL, 4, NULL, '2026-03-23 11:55:09', '2026-03-23 11:55:09'),
	(33, 'Chef du Service de la Trésorerie et des Financements', NULL, 5, NULL, '2026-03-23 11:55:45', '2026-03-23 11:55:45'),
	(34, 'Chargé de la Trésorerie Opérationnelle', NULL, 5, NULL, '2026-03-23 11:55:58', '2026-03-23 11:55:58'),
	(35, 'Chargé de Mobilisation des Fonds', NULL, 5, NULL, '2026-03-23 11:56:08', '2026-03-23 11:56:08'),
	(36, 'Chargé des Financements et Relations Bancaires', NULL, 5, NULL, '2026-03-23 11:56:20', '2026-03-23 11:56:20'),
	(37, 'Agents d\'appui aux finances', NULL, 5, NULL, '2026-03-23 11:56:31', '2026-03-23 11:56:31'),
	(38, 'Chef du Service du Budget et du Contrôle de Gestion', NULL, 6, NULL, '2026-03-23 11:56:53', '2026-03-23 11:56:53'),
	(39, 'Chargé de la Comptabilité Analytique', NULL, 6, NULL, '2026-03-23 11:57:04', '2026-03-23 11:57:04'),
	(40, 'Chargé de l’Élaboration et du Suivi Budgétaire', NULL, 6, NULL, '2026-03-23 11:57:14', '2026-03-23 11:57:14'),
	(41, 'Chargé du Contrôle de Gestion et de la Performance Financière', NULL, 6, NULL, '2026-03-23 11:57:24', '2026-03-23 11:57:24'),
	(42, 'Chef du Service du Crédit', NULL, 7, NULL, '2026-03-23 11:57:45', '2026-03-23 11:57:45'),
	(43, 'Chargé du Crédit Classique', NULL, 7, NULL, '2026-03-23 11:57:55', '2026-03-23 11:57:55'),
	(44, 'Agents d\'appui au crédit classique', NULL, 7, NULL, '2026-03-23 11:58:22', '2026-03-23 11:58:22'),
	(45, 'Chargé du Crédit Agricole', NULL, 7, NULL, '2026-03-23 11:58:39', '2026-03-23 11:58:39'),
	(46, 'Agents d\'appui au crédit agricole', NULL, 7, NULL, '2026-03-23 11:58:49', '2026-03-23 11:58:49'),
	(47, 'Chargé des Crédits Spécifiques', NULL, 7, NULL, '2026-03-23 11:58:59', '2026-03-23 11:58:59'),
	(48, 'Agents d\'appui aux crédits spécifiques', NULL, 7, NULL, '2026-03-23 11:59:09', '2026-03-23 11:59:09'),
	(49, 'Chef du Service de l’Épargne et des Opérations Diverses', NULL, 8, NULL, '2026-03-23 11:59:29', '2026-03-23 11:59:29'),
	(50, 'Chargé de l’Épargne Planifiée', NULL, 8, NULL, '2026-03-23 11:59:37', '2026-03-23 11:59:37'),
	(51, 'Agents d\'appui à l’épargne', NULL, 8, NULL, '2026-03-23 11:59:45', '2026-03-23 11:59:45'),
	(52, 'Chargé de l’Épargne Non Planifiée', NULL, 8, NULL, '2026-03-23 11:59:53', '2026-03-23 11:59:53'),
	(53, 'Agents d\'appui à l’épargne', NULL, 8, NULL, '2026-03-23 12:00:02', '2026-03-23 12:00:02'),
	(54, 'Chargé des Opérations Diverses', NULL, 8, NULL, '2026-03-23 12:00:12', '2026-03-23 12:00:12'),
	(55, 'Agents d\'appui aux opérations diverses', NULL, 8, NULL, '2026-03-23 12:00:21', '2026-03-23 12:00:21'),
	(56, 'Chef du Service Marketing et du Développement des Produits', NULL, 9, NULL, '2026-03-23 12:00:42', '2026-03-23 12:00:42'),
	(57, 'Chargé du Développement des Produits', NULL, 9, NULL, '2026-03-23 12:01:00', '2026-03-23 12:01:00'),
	(58, 'Chargé de la Promotion des Produits', NULL, 9, NULL, '2026-03-23 12:01:11', '2026-03-23 12:01:11'),
	(59, 'Chargé de la Communication et de la Gestion de la Relation Client', NULL, 9, NULL, '2026-03-23 12:01:21', '2026-03-23 12:01:21'),
	(60, 'Agents d\'appui au marketing', NULL, 9, NULL, '2026-03-23 12:01:32', '2026-03-23 12:01:32'),
	(61, 'Agents d’appui à la communication digitale', NULL, 9, NULL, '2026-03-23 12:01:42', '2026-03-23 12:01:42'),
	(62, 'Chef du Service de l\'Analyse des Risques', NULL, 15, NULL, '2026-03-23 12:02:19', '2026-03-23 12:02:19'),
	(63, 'Chargés de l’analyse des risques', NULL, 15, NULL, '2026-03-23 12:02:31', '2026-03-23 12:02:31'),
	(64, 'Chef du Service du Suivi des Risques', NULL, 16, NULL, '2026-03-23 12:05:25', '2026-03-23 12:05:25'),
	(65, 'Chargés du suivi des risques', NULL, 16, NULL, '2026-03-23 12:05:48', '2026-03-23 12:05:48'),
	(66, 'Chargé du Recouvrement', NULL, 16, NULL, '2026-03-23 12:06:01', '2026-03-23 12:06:01'),
	(67, 'Agents d\'appui au recouvrement', NULL, 16, NULL, '2026-03-23 12:06:09', '2026-03-23 12:06:09'),
	(68, 'Auditeurs', NULL, 17, NULL, '2026-03-23 12:06:44', '2026-03-23 12:06:44'),
	(69, 'Chef du Service du Support, de l’Assistance et de la Veille Technologique', NULL, 10, NULL, '2026-03-23 12:07:17', '2026-03-23 12:07:17'),
	(70, 'Chargé du Support Utilisateurs et de la Maintenance Informatique', NULL, 10, NULL, '2026-03-23 12:07:35', '2026-03-23 12:07:35'),
	(71, 'Informaticiens', NULL, 10, NULL, '2026-03-23 12:07:59', '2026-03-23 12:07:59'),
	(72, 'Chargé de la Veille Technologique et de l’Innovation', NULL, 10, NULL, '2026-03-23 12:08:12', '2026-03-23 12:08:12'),
	(73, 'Chef du Service du Développement et de la Transformation Digitale', NULL, 11, NULL, '2026-03-23 12:08:43', '2026-03-23 12:08:43'),
	(74, 'Chargé du Développement Applicatif et de l’Intégration', NULL, 11, NULL, '2026-03-23 12:08:54', '2026-03-23 12:08:54'),
	(75, 'Informaticiens', NULL, 11, NULL, '2026-03-23 12:09:04', '2026-03-23 12:09:04'),
	(76, 'Chargé de la Transformation Digitale et de la Digitalisation des Processus', NULL, 11, NULL, '2026-03-23 12:09:13', '2026-03-23 12:09:13'),
	(77, 'Chef du Service de la Gestion et de la Sécurisation des Systèmes d’Information', NULL, 12, NULL, '2026-03-23 12:09:40', '2026-03-23 12:09:40'),
	(78, 'Chargé de l’Infrastructure Systèmes et des Réseaux', NULL, 12, NULL, '2026-03-23 12:09:49', '2026-03-23 12:09:49'),
	(79, 'Informaticiens', NULL, 12, NULL, '2026-03-23 12:09:59', '2026-03-23 12:09:59'),
	(80, 'Chargé de la Sécurité Informatique', NULL, 12, NULL, '2026-03-23 12:10:09', '2026-03-23 12:10:09'),
	(81, 'Chef du Service du Contrôle des Activités de la Direction Générale', NULL, 13, NULL, '2026-03-23 12:10:41', '2026-03-23 12:10:41'),
	(82, 'Contrôleur Permanent des Activités de la Direction Générale', NULL, 13, NULL, '2026-03-23 12:10:50', '2026-03-23 12:10:50'),
	(83, 'Chef du Service du Contrôle des Activités d\'Agence', NULL, 14, NULL, '2026-03-23 12:11:10', '2026-03-23 12:11:10'),
	(84, 'Contrôleur Permanent des Activités d\'Agence', NULL, 14, NULL, '2026-03-23 12:11:25', '2026-03-23 12:11:25'),
	(85, 'Chef du Service du Secrétariat Administratif', NULL, 18, NULL, '2026-03-23 12:12:23', '2026-03-23 12:12:23'),
	(86, 'Agent d\'appui au secrétariat', NULL, 18, NULL, '2026-03-23 12:12:33', '2026-03-23 12:12:33'),
	(87, 'Agent de liaison', NULL, 18, NULL, '2026-03-23 12:12:42', '2026-03-23 12:12:42'),
	(88, 'Chef du Service du Patrimoine et de la Logistique', NULL, 19, NULL, '2026-03-23 12:12:57', '2026-03-23 12:12:57'),
	(89, 'Chargé des Achats', NULL, 19, NULL, '2026-03-23 12:13:07', '2026-03-23 12:13:07'),
	(90, 'Agent d\'appui aux achats', NULL, 19, NULL, '2026-03-23 12:13:17', '2026-03-23 12:13:17'),
	(91, 'Chargé de la Logistique', NULL, 19, NULL, '2026-03-23 12:13:28', '2026-03-23 12:13:28'),
	(92, 'Agent d\'appui à la logistique', NULL, 19, NULL, '2026-03-23 12:13:37', '2026-03-23 12:13:37'),
	(93, 'Chargé de la Gestion du Patrimoine', NULL, 19, NULL, '2026-03-23 12:13:50', '2026-03-23 12:13:50'),
	(94, 'Agent d\'appui à la gestion du patrimoine', NULL, 19, NULL, '2026-03-23 12:13:59', '2026-03-23 12:13:59'),
	(95, 'Conducteur de véhicule', NULL, 19, NULL, '2026-03-23 12:14:12', '2026-03-23 12:14:12'),
	(96, 'Chef du Service de la Documentation et des Archives', NULL, 20, NULL, '2026-03-23 12:14:28', '2026-03-23 12:14:28'),
	(97, 'Chargé de la documentation', NULL, 20, NULL, '2026-03-23 12:14:37', '2026-03-23 12:14:37'),
	(98, 'Chargé des archives', NULL, 20, NULL, '2026-03-23 12:14:46', '2026-03-23 12:14:46'),
	(99, 'Agent d\'appui aux archives', NULL, 20, NULL, '2026-03-23 12:14:55', '2026-03-23 12:14:55'),
	(100, 'Chef du Service de l’Administration du Personnel et des Relations Sociales', NULL, 21, NULL, '2026-03-23 12:15:24', '2026-03-23 12:15:24'),
	(101, 'Chargé de la Gestion Administrative et des Contrats', NULL, 21, NULL, '2026-03-23 12:15:39', '2026-03-23 12:15:39'),
	(102, 'Chargé des Relations Sociales', NULL, 21, NULL, '2026-03-23 12:15:50', '2026-03-23 12:15:50'),
	(103, 'Chargé de la Paie et de la Gestion des Temps de Travail', NULL, 21, NULL, '2026-03-23 12:15:59', '2026-03-23 12:15:59'),
	(104, 'Agents d\'appui aux RH', NULL, 21, NULL, '2026-03-23 12:16:07', '2026-03-23 12:16:07'),
	(105, 'Chef du Service du Recrutement, de la Gestion des Performances et de la Mobilité', NULL, 22, NULL, '2026-03-23 12:16:43', '2026-03-23 12:16:43'),
	(106, 'Chargé du Recrutement, de l’évaluation et de la Mobilité', NULL, 22, NULL, '2026-03-23 12:16:51', '2026-03-23 12:16:51'),
	(107, 'Agents d\'appui aux RH', NULL, 22, NULL, '2026-03-23 12:17:01', '2026-03-23 12:17:01'),
	(108, 'Chef du Service de la Formation', 11, 23, NULL, '2026-03-23 12:17:11', '2026-03-25 09:29:19'),
	(109, 'Chargé de la Gestion des Formations', 11, 23, NULL, '2026-03-23 12:17:20', '2026-03-25 09:29:36'),
	(110, 'Agents d\'appui aux RH', 11, 23, NULL, '2026-03-23 12:17:28', '2026-03-25 09:30:25'),
	(111, 'Responsable de la Cellule Juridique', NULL, 24, NULL, '2026-03-23 12:20:56', '2026-03-23 12:20:56'),
	(112, 'Chargés de l’Analyse Juridique', NULL, 24, NULL, '2026-03-23 12:21:10', '2026-03-23 12:21:10'),
	(113, 'Responsable de la Cellule de la Sécurité du Système d’Information', NULL, 2, NULL, '2026-03-23 12:21:35', '2026-03-23 12:21:35'),
	(114, 'Chargés de l’Analyse des risques de Sécurité du Système d’Information', NULL, 2, NULL, '2026-03-23 12:21:45', '2026-03-23 12:21:45'),
	(115, 'Responsable de la Cellule de la Conformité et de la LCBCFT', NULL, 3, NULL, '2026-03-23 12:22:03', '2026-03-23 12:22:03'),
	(116, 'Chargés de l’Analyse des risques de Conformité et de LCBCFT', NULL, 3, NULL, '2026-03-23 12:22:13', '2026-03-23 12:22:13');
INSERT INTO `agent` (`id`, `nom`, `prenom`, `num_matricule`, `email`, `password`, `telephone`, `droit_id`, `username`, `is_on_line`, `last_activity`, `code_verification`, `reset_code_expiry`, `is_verified_for_reset`, `photo_profil`, `fonction_id`, `enregistrer_par`, `created_at`, `updated_at`) VALUES
	(4, 'Diouma', 'Mamadou', 'ADMIN001', 'mamadoudiouma@gmail.com', '$2b$10$zo.MJ0y0KNHuc1fotcDaSO3ZJkjZEvMxtK5duiWWw9X4cBl4.qdCi', '0000000000', 4, 'mamadou1', 1, '2026-03-30 13:55:53', NULL, NULL, 1, 'user-1773625695085-596440493.jpg', 1, NULL, '2026-03-16 01:36:29', '2026-03-30 13:55:53'),
	(5, 'Coulibaly', 'Moussa', 'SCRT0001', 'mc7922779@gmail.com', '$2b$10$SiPXzb56PL/1WL5QOhaoV.bt1mH4UcDbch0kv3.s.zxBgyakhGZlC', '1111111111', 5, 'coulibaly11', 0, '2026-03-28 23:48:47', NULL, NULL, 0, '', 2, NULL, '2026-03-16 12:08:43', '2026-03-28 23:48:47');
INSERT INTO `typedocuments` (`id`, `code`, `nom`, `entitee_un_id`, `entitee_deux_id`, `entitee_trois_id`, `created_at`, `updated_at`, `cote`) VALUES
	(1, 'TD-290', 'Marché', 1, NULL, NULL, '2026-03-16 12:12:19', '2026-03-23 14:38:40', '1-SCS'),
	(538, 'TD-001', 'Fiche initiée/affectée/reçue', 10, 18, NULL, '2026-03-27 14:39:49', '2026-03-27 14:39:49', '1 SA'),
	(539, 'TD-002', 'Courrier initié/affecté/départ/arrivée', 10, 18, NULL, '2026-03-27 14:39:49', '2026-03-27 14:39:49', '2 SA'),
	(540, 'TD-003', 'Document de synthèse et d\'analyse (Document de synthèse et d\'analyse/Compte rendu/Procès-verbal mensuel, trimestriel, annuel, etc.)', 10, 18, NULL, '2026-03-27 14:39:49', '2026-03-27 14:39:49', '3 SA'),
	(541, 'TD-004', 'Notes de Service', 10, 18, NULL, '2026-03-27 14:39:49', '2026-03-27 14:39:49', '4 SA'),
	(542, 'TD-005', 'Notes d\'information', 10, 18, NULL, '2026-03-27 14:39:49', '2026-03-27 14:39:49', '5 SA'),
	(543, 'TD-006', 'Décision', 10, 18, NULL, '2026-03-27 14:39:49', '2026-03-27 14:39:49', '6 SA'),
	(544, 'TD-007', 'Communiqué', 10, 18, NULL, '2026-03-27 14:39:49', '2026-03-27 14:39:49', '7 SA'),
	(545, 'TD-008', 'Registre de courrier Départ/Arrivée et registre des contrats des prestataires', 10, 18, NULL, '2026-03-27 14:39:49', '2026-03-27 14:39:49', '8 SA'),
	(546, 'TD-009', 'Bordereau de transmission', 10, 18, NULL, '2026-03-27 14:39:49', '2026-03-27 14:39:49', '9 SA'),
	(547, 'TD-010', 'Fiche initiée/affectée', 10, 19, NULL, '2026-03-27 14:39:49', '2026-03-27 14:39:49', '1 PL'),
	(548, 'TD-011', 'Courrier initié/affecté', 10, 19, NULL, '2026-03-27 14:39:49', '2026-03-27 14:39:49', '2 PL'),
	(549, 'TD-012', 'Document de synthèse et d\'analyse (mensuel, trimestriel, annuel, etc.)', 10, 19, NULL, '2026-03-27 14:39:49', '2026-03-27 14:39:49', '3 PL'),
	(550, 'TD-013', 'Ordre de mission', 10, 19, NULL, '2026-03-27 14:39:49', '2026-03-27 14:39:49', '4 PL'),
	(551, 'TD-014', 'Terme de Référence de mission (TDR)', 10, 19, NULL, '2026-03-27 14:39:49', '2026-03-27 14:39:49', '5 PL'),
	(552, 'TD-015', 'Contrat', 10, 19, NULL, '2026-03-27 14:39:49', '2026-03-27 14:39:49', '6 PL'),
	(553, 'TD-016', 'Bons de réception (souche)', 10, 19, NULL, '2026-03-27 14:39:49', '2026-03-27 14:39:49', '7 PL'),
	(554, 'TD-017', 'Bons de commande (souche)', 10, 19, NULL, '2026-03-27 14:39:49', '2026-03-27 14:39:49', '8 PL'),
	(555, 'TD-018', 'Demande d\'approvisionnement (souche)', 10, 19, NULL, '2026-03-27 14:39:49', '2026-03-27 14:39:49', '9 PL'),
	(556, 'TD-019', 'Carnet de demande de fournitures', 10, 19, NULL, '2026-03-27 14:39:49', '2026-03-27 14:39:49', '10 PL'),
	(557, 'TD-020', 'Procès-verbal de réception', 10, 19, NULL, '2026-03-27 14:39:49', '2026-03-27 14:39:49', '11 PL'),
	(558, 'TD-021', 'Dossier d\'incorporation', 10, 19, NULL, '2026-03-27 14:39:49', '2026-03-27 14:39:49', '12 PL'),
	(559, 'TD-022', 'Bordereau de livraison', 10, 19, NULL, '2026-03-27 14:39:49', '2026-03-27 14:39:49', '13 PL'),
	(560, 'TD-023', 'Fiche (de sortie des fournitures, de mise à disposition des immobilisations, de transfert des immobilisations, d\'inventaire des biens mobiliers, de signalisation des pannes, etc.)', 10, 19, NULL, '2026-03-27 14:39:49', '2026-03-27 14:39:49', '14 PL'),
	(561, 'TD-024', 'Dossier de marché (Avis d\'appel à candidature, PV d\'ouverture, PV d\'attribution provisoire, Rapport d\'évaluation, PV de négociation, Avis d\'attribution définitive, Contrat de marché pour signature, Contrat de marché pour enregistrement, Demande/Requête adressée à la DNCMP/ARMP, Offres techniques financières et administratives, etc.)', 10, 19, NULL, '2026-03-27 14:39:49', '2026-03-27 14:39:49', '15 PL'),
	(562, 'TD-025', 'Plan et avis général de passation des Marchés Publics', 10, 19, NULL, '2026-03-27 14:39:49', '2026-03-27 14:39:49', '16 PL'),
	(563, 'TD-026', 'PV de réception technique, provisoire et définitive', 10, 19, NULL, '2026-03-27 14:39:49', '2026-03-27 14:39:49', '17 PL'),
	(564, 'TD-027', 'Contrat et Avenant', 10, 19, NULL, '2026-03-27 14:39:49', '2026-03-27 14:39:49', '18 PL'),
	(565, 'TD-028', 'Fiche initiée/affectée/reçue', 10, 20, NULL, '2026-03-27 14:39:49', '2026-03-27 14:39:49', '1 ARCH'),
	(566, 'TD-029', 'Courrier initié/affecté/départ/arrivée', 10, 20, NULL, '2026-03-27 14:39:49', '2026-03-27 14:39:49', '2 ARCH'),
	(567, 'TD-030', 'Document de synthèse et d\'analyse (Document de synthèse et d\'analyse/Compte rendu/Rapport mensuel, trimestriel, annuel, etc.)', 10, 20, NULL, '2026-03-27 14:39:49', '2026-03-27 14:39:49', '3 ARCH'),
	(568, 'TD-031', 'Outils de gestion des archives', 10, 20, NULL, '2026-03-27 14:39:49', '2026-03-27 14:39:49', '4 ARCH'),
	(569, 'TD-032', 'Fiche typologique de documents', 10, 20, NULL, '2026-03-27 14:39:49', '2026-03-27 14:39:49', '5 ARCH'),
	(570, 'TD-033', 'Registre de communication', 10, 20, NULL, '2026-03-27 14:39:49', '2026-03-27 14:39:49', '6 ARCH'),
	(571, 'TD-034', 'Bordereau de versement', 10, 20, NULL, '2026-03-27 14:39:49', '2026-03-27 14:39:49', '7 ARCH'),
	(572, 'TD-035', 'Fiche de prêt de document', 10, 20, NULL, '2026-03-27 14:39:49', '2026-03-27 14:39:49', '8 ARCH'),
	(573, 'TD-036', 'Ouvrages pédagogiques acquis par la Société', 10, 20, NULL, '2026-03-27 14:39:49', '2026-03-27 14:39:49', '9 ARCH'),
	(574, 'TD-037', 'Documents relatifs aux travaux de d\'élimination de documents', 10, 20, NULL, '2026-03-27 14:39:49', '2026-03-27 14:39:49', '10 ARCH'),
	(575, 'TD-038', 'Fiche initiée/affectée', 10, 21, NULL, '2026-03-27 14:39:49', '2026-03-27 14:39:49', '1 APRS'),
	(576, 'TD-039', 'Courrier initié/affecté', 10, 21, NULL, '2026-03-27 14:39:49', '2026-03-27 14:39:49', '2 APRS'),
	(577, 'TD-040', 'Document de synthèse et d\'analyse/Procès-verbaux/Compte rendu, rapport (mensuel, trimestriel, annuel, etc.)', 10, 21, NULL, '2026-03-27 14:39:49', '2026-03-27 14:39:49', '3 APRS'),
	(578, 'TD-041', 'Fiche de poste', 10, 21, NULL, '2026-03-27 14:39:49', '2026-03-27 14:39:49', '4 APRS'),
	(579, 'TD-042', 'Demande de stage / Emploi', 10, 21, NULL, '2026-03-27 14:39:49', '2026-03-27 14:39:49', '5 APRS'),
	(580, 'TD-043', 'Autorisation de stage', 10, 21, NULL, '2026-03-27 14:39:49', '2026-03-27 14:39:49', '6 APRS'),
	(581, 'TD-044', 'Attestation (de stage, de travail, etc.)/Certificat de travail', 10, 21, NULL, '2026-03-27 14:39:49', '2026-03-27 14:39:49', '7 APRS'),
	(582, 'TD-045', 'Sécurité sociale', 10, 21, NULL, '2026-03-27 14:39:49', '2026-03-27 14:39:49', '8 APRS'),
	(583, 'TD-046', 'Dossier du personnel inactif', 10, 21, NULL, '2026-03-27 14:39:49', '2026-03-27 14:39:49', '9 APRS'),
	(584, 'TD-047', 'Assurance', 10, 21, NULL, '2026-03-27 14:39:49', '2026-03-27 14:39:49', '10 APRS'),
	(585, 'TD-048', 'Bordereau de transmission', 10, 21, NULL, '2026-03-27 14:39:49', '2026-03-27 14:39:49', '11 APRS'),
	(586, 'TD-049', 'Fiche initiée/affectée', 11, 22, NULL, '2026-03-27 14:39:49', '2026-03-27 14:39:49', '1 RGPM'),
	(587, 'TD-050', 'Courrier initié/affecté', 11, 22, NULL, '2026-03-27 14:39:49', '2026-03-27 14:39:49', '2 RGPM'),
	(588, 'TD-051', 'Document de synthèse et d\'analyse/Procès-verbaux/Compte rendu (mensuel, trimestriel, annuel, etc.) rapport de passation de service et autres rapport', 11, 22, NULL, '2026-03-27 14:39:49', '2026-03-27 14:39:49', '3 RGPM'),
	(589, 'TD-052', 'Fiche d\'évaluation', 11, 22, NULL, '2026-03-27 14:39:49', '2026-03-27 14:39:49', '4 RGPM'),
	(590, 'TD-053', 'Autorisation de stage', 11, 22, NULL, '2026-03-27 14:39:49', '2026-03-27 14:39:49', '5 RGPM'),
	(591, 'TD-054', 'Dossiers des stagiaires (académique et professionnel)', 11, 22, NULL, '2026-03-27 14:39:49', '2026-03-27 14:39:49', '6 RGPM'),
	(592, 'TD-055', 'Document de synthèse et d\'analyse (mensuel, trimestriel, annuel de productivité et rentabilité des entités et des agents, de contrôle de qualité, sur la gestion des réclamations, etc.)', 11, 22, NULL, '2026-03-27 14:39:49', '2026-03-27 14:39:49', '7 RGPM'),
	(593, 'TD-056', 'Certification de produit et/ou services', 11, 22, NULL, '2026-03-27 14:39:49', '2026-03-27 14:39:49', '8 RGPM'),
	(594, 'TD-057', 'Fiche initiée/affectée', 11, 23, NULL, '2026-03-27 14:39:49', '2026-03-27 14:39:49', '1 SF'),
	(595, 'TD-058', 'Courrier initié/affecté', 11, 23, NULL, '2026-03-27 14:39:49', '2026-03-27 14:39:49', '2 SF'),
	(596, 'TD-059', 'Document de synthèse et d\'analyse/Procès-verbaux/Compte rendu, rapport (mensuel, trimestriel, annuel, etc.)', 11, 23, NULL, '2026-03-27 14:39:49', '2026-03-27 14:39:49', '3 SF'),
	(597, 'TD-060', 'Formation du personnel/ Modules et autres documents entrant dans le cadre de la formation du personnel', 11, 23, NULL, '2026-03-27 14:39:49', '2026-03-27 14:39:49', '4 SF'),
	(598, 'TD-061', 'Fiche initiée/affectée', 4, 4, NULL, '2026-03-27 14:39:49', '2026-03-27 14:39:49', '1 SCo'),
	(599, 'TD-062', 'Courrier initié/affecté', 4, 4, NULL, '2026-03-27 14:39:49', '2026-03-27 14:39:49', '2 SCo'),
	(600, 'TD-063', 'Document de synthèse et d\'analyse (mensuel, trimestriel, annuel, du commissariat aux comptes, etc.)', 4, 4, NULL, '2026-03-27 14:39:49', '2026-03-27 14:39:49', '3 SCo'),
	(601, 'TD-064', 'État de rapprochement guichet', 4, 4, NULL, '2026-03-27 14:39:49', '2026-03-27 14:39:49', '4 SCo'),
	(602, 'TD-065', 'État de rapprochement bancaire Siège', 4, 4, NULL, '2026-03-27 14:39:49', '2026-03-27 14:39:49', '5 SCo'),
	(603, 'TD-066', 'État de rapprochement Comptabilité - Informatique', 4, 4, NULL, '2026-03-27 14:39:49', '2026-03-27 14:39:49', '6 SCo'),
	(604, 'TD-067', 'État de rapprochement ligne de crédit et fonctionnement (Agences)', 4, 4, NULL, '2026-03-27 14:39:49', '2026-03-27 14:39:49', '7 SCo'),
	(605, 'TD-068', 'État de rapprochement Épargne', 4, 4, NULL, '2026-03-27 14:39:49', '2026-03-27 14:39:49', '8 SCo'),
	(606, 'TD-069', 'Pièce de Caisse Menues Dépenses', 4, 4, NULL, '2026-03-27 14:39:49', '2026-03-27 14:39:49', '9 SCo'),
	(607, 'TD-070', 'Note sur états financiers', 4, 4, NULL, '2026-03-27 14:39:49', '2026-03-27 14:39:49', '10 SCo'),
	(608, 'TD-071', 'Dossier de déclarations fiscales et sociales (fiscalité)', 4, 4, NULL, '2026-03-27 14:39:49', '2026-03-27 14:39:49', '11 SCo'),
	(609, 'TD-072', 'Dossier de paiements des fournisseurs et autres prestataires', 4, 4, NULL, '2026-03-27 14:39:49', '2026-03-27 14:39:49', '12 SCo'),
	(610, 'TD-073', 'Grand-livre et balance', 4, 4, NULL, '2026-03-27 14:39:49', '2026-03-27 14:39:49', '13 SCo'),
	(611, 'TD-074', 'Fiche initiée/affectée', 4, 5, NULL, '2026-03-27 14:39:49', '2026-03-27 14:39:49', '1 STF'),
	(612, 'TD-075', 'Courrier initié/affecté', 4, 5, NULL, '2026-03-27 14:39:49', '2026-03-27 14:39:49', '2 STF'),
	(613, 'TD-076', 'Document de synthèse et d\'analyse (mensuel, trimestriel, annuel, financier, point journalier de la trésorerie, etc.)', 4, 5, NULL, '2026-03-27 14:39:49', '2026-03-27 14:39:49', '3 STF'),
	(614, 'TD-077', 'Convention (de crédit, de nantissement, de DAT, etc.)', 4, 5, NULL, '2026-03-27 14:39:49', '2026-03-27 14:39:49', '4 STF'),
	(615, 'TD-078', 'Indicateurs périodiques', 4, 5, NULL, '2026-03-27 14:39:49', '2026-03-27 14:39:49', '5 STF'),
	(616, 'TD-079', 'Ordre de virement', 4, 5, NULL, '2026-03-27 14:39:49', '2026-03-27 14:39:49', '6 STF'),
	(617, 'TD-080', 'Avis de crédit', 4, 5, NULL, '2026-03-27 14:39:49', '2026-03-27 14:39:49', '7 STF'),
	(618, 'TD-081', 'État financier', 4, 5, NULL, '2026-03-27 14:39:49', '2026-03-27 14:39:49', '8 STF'),
	(619, 'TD-082', 'État de paiement', 4, 5, NULL, '2026-03-27 14:39:49', '2026-03-27 14:39:49', '9 STF'),
	(620, 'TD-083', 'Relevé de compte bancaire', 4, 5, NULL, '2026-03-27 14:39:49', '2026-03-27 14:39:49', '10 STF'),
	(621, 'TD-084', 'Ordre d\'émission de chèque', 4, 5, NULL, '2026-03-27 14:39:49', '2026-03-27 14:39:49', '11 STF'),
	(622, 'TD-085', 'Talon de chèque, souche, carnet et affecté manuel', 4, 5, NULL, '2026-03-27 14:39:49', '2026-03-27 14:39:49', '12 STF'),
	(623, 'TD-086', 'Fiscalité', 4, 5, NULL, '2026-03-27 14:39:49', '2026-03-27 14:39:49', '13 STF'),
	(624, 'TD-087', 'Salaire', 4, 5, NULL, '2026-03-27 14:39:49', '2026-03-27 14:39:49', '14 STF'),
	(625, 'TD-088', 'Fiche de paie', 4, 5, NULL, '2026-03-27 14:39:49', '2026-03-27 14:39:49', '15 STF'),
	(626, 'TD-089', 'Fiche initiée/affectée', 4, 6, NULL, '2026-03-27 14:39:49', '2026-03-27 14:39:49', '1 BCG'),
	(627, 'TD-090', 'Courrier initié/affecté', 4, 6, NULL, '2026-03-27 14:39:49', '2026-03-27 14:39:49', '2 BCG'),
	(628, 'TD-091', 'Document de synthèse et d\'analyse (mensuel, trimestriel, annuel d\'exécution du budget et du PTA, etc.)', 4, 6, NULL, '2026-03-27 14:39:49', '2026-03-27 14:39:49', '3 BCG'),
	(629, 'TD-092', 'Plan de travail annuel et Budget général de PADME S.A.', 4, 6, NULL, '2026-03-27 14:39:49', '2026-03-27 14:39:49', '4 BCG'),
	(630, 'TD-093', 'Tableau de bord des indicateurs et données significatives de gestion sur plusieurs années', 4, 6, NULL, '2026-03-27 14:39:49', '2026-03-27 14:39:49', '5 BCG'),
	(631, 'TD-094', 'Relevé de décision (de réallocation budgétaire, d\'approbation du budget par le Conseil d\'Administration)', 4, 6, NULL, '2026-03-27 14:39:49', '2026-03-27 14:39:49', '6 BCG'),
	(632, 'TD-095', 'Plan stratégique et plan d\'affaires', 4, 6, NULL, '2026-03-27 14:39:49', '2026-03-27 14:39:49', '7 BCG'),
	(633, 'TD-096', 'Fiche initiée/affectée', 5, 7, NULL, '2026-03-27 14:39:49', '2026-03-27 14:39:49', '1 SCR'),
	(634, 'TD-097', 'Courrier initié/affecté', 5, 7, NULL, '2026-03-27 14:39:49', '2026-03-27 14:39:49', '2 SCR'),
	(635, 'TD-098', 'Document de synthèse et d\'analyse périodique (d\'activité, de recouvrement et de mission)', 5, 7, NULL, '2026-03-27 14:39:49', '2026-03-27 14:39:49', '3 SCR'),
	(636, 'TD-099', 'Pièces de caisse', 5, 7, NULL, '2026-03-27 14:39:49', '2026-03-27 14:39:49', '4 SCR'),
	(637, 'TD-100', 'Pièces comptables Agences', 5, 7, NULL, '2026-03-27 14:39:49', '2026-03-27 14:39:49', '5 SCR'),
	(638, 'TD-101', 'Dossier de partenariat (MCM ALAFIA, FNDA, ARCH, PDPIM, etc.)', 5, 7, NULL, '2026-03-27 14:39:49', '2026-03-27 14:39:49', '6 SCR'),
	(639, 'TD-102', 'Fiche initiée/affectée', 5, 8, NULL, '2026-03-27 14:39:49', '2026-03-27 14:39:49', '1 EOD'),
	(640, 'TD-103', 'Courrier initié/affecté', 5, 8, NULL, '2026-03-27 14:39:49', '2026-03-27 14:39:49', '2 EOD'),
	(641, 'TD-104', 'Document de synthèse et d\'analyse (des activités d\'épargne, journalier de réalisation de tontine des Opérationnels Polyvalents, point hebdomadaire des opérations d\'épargne)', 5, 8, NULL, '2026-03-27 14:39:49', '2026-03-27 14:39:49', '3 EOD'),
	(642, 'TD-105', 'Registre (de gestion des cartes NFC, gestion des comptes clients)', 5, 8, NULL, '2026-03-27 14:39:49', '2026-03-27 14:39:49', '4 EOD'),
	(643, 'TD-106', 'Fiche initiée/affectée', 5, 9, NULL, '2026-03-27 14:39:49', '2026-03-27 14:39:49', '1 MDP'),
	(644, 'TD-107', 'Courrier initié/affecté', 5, 9, NULL, '2026-03-27 14:39:49', '2026-03-27 14:39:49', '2 MDP'),
	(645, 'TD-108', 'Document de synthèse et d\'analyse (mensuel, trimestriel, annuel, de mission, Call Center, traitement des plaintes, étude de marché, étude d\'ouvertures des points de services, satisfaction client, satisfaction du personnel, etc.)', 5, 9, NULL, '2026-03-27 14:39:49', '2026-03-27 14:39:49', '3 MDP'),
	(646, 'TD-109', 'Questionnaires', 5, 9, NULL, '2026-03-27 14:39:49', '2026-03-27 14:39:49', '4 MDP'),
	(647, 'TD-110', 'Guide (de discussion pour FOCUS Group ou autres)', 5, 9, NULL, '2026-03-27 14:39:49', '2026-03-27 14:39:49', '5 MDP'),
	(648, 'TD-111', 'Carte (de vœux, de visite, d\'invitation)', 5, 9, NULL, '2026-03-27 14:39:49', '2026-03-27 14:39:49', '6 MDP'),
	(649, 'TD-112', 'Avis et propositions sur dossier de sponsoring', 5, 9, NULL, '2026-03-27 14:39:49', '2026-03-27 14:39:49', '7 MDP'),
	(650, 'TD-113', 'Encarts publicitaires, Flyers-prospectus, Prémaquettes et maquettes de supports de communication, etc.', 5, 9, NULL, '2026-03-27 14:39:49', '2026-03-27 14:39:49', '8 MDP'),
	(651, 'TD-114', 'Cérémonie officielle et activité spéciale', 5, 9, NULL, '2026-03-27 14:39:49', '2026-03-27 14:39:49', '9 MDP'),
	(652, 'TD-115', 'Fiche initiée/affectée', 6, 10, NULL, '2026-03-27 14:39:49', '2026-03-27 14:39:49', '1 SAVT'),
	(653, 'TD-116', 'Courrier initié/affecté', 6, 10, NULL, '2026-03-27 14:39:49', '2026-03-27 14:39:49', '2 SAVT'),
	(654, 'TD-117', 'Document de synthèse et d\'analyse, (mensuel, trimestriel, annuel d\'activité, d\'évaluation, de mission, etc.) Procès-verbal de réception', 6, 10, NULL, '2026-03-27 14:39:49', '2026-03-27 14:39:49', '3 SAVT'),
	(655, 'TD-118', 'Manuel de formation', 6, 10, NULL, '2026-03-27 14:39:49', '2026-03-27 14:39:49', '4 SAVT'),
	(656, 'TD-119', 'Fiche initiée/affectée', 6, 11, NULL, '2026-03-27 14:39:49', '2026-03-27 14:39:49', '1 DTD'),
	(657, 'TD-120', 'Courrier initié/affecté', 6, 11, NULL, '2026-03-27 14:39:49', '2026-03-27 14:39:49', '2 DTD'),
	(658, 'TD-121', 'Document de synthèse et d\'analyse, (mensuel, trimestriel, annuel d\'activité, d\'évaluation, de mission, etc.) Procès-verbal de réception', 6, 11, NULL, '2026-03-27 14:39:49', '2026-03-27 14:39:49', '3 DTD'),
	(659, 'TD-122', 'Manuel de formation', 6, 11, NULL, '2026-03-27 14:39:49', '2026-03-27 14:39:49', '4 DTD'),
	(660, 'TD-123', 'Fiche initiée/affectée', 6, 12, NULL, '2026-03-27 14:39:49', '2026-03-27 14:39:49', '1 GSSI'),
	(661, 'TD-124', 'Courrier initié/affecté', 6, 12, NULL, '2026-03-27 14:39:49', '2026-03-27 14:39:49', '2 GSSI'),
	(662, 'TD-125', 'Document de synthèse et d\'analyse (mensuel, trimestriel, annuel d\'activité, d\'évaluation, de mission, etc.) Procès-verbal de réception', 6, 12, NULL, '2026-03-27 14:39:49', '2026-03-27 14:39:49', '3 GSSI'),
	(663, 'TD-126', 'Manuel de formation', 6, 12, NULL, '2026-03-27 14:39:49', '2026-03-27 14:39:49', '4 GSSI'),
	(664, 'TD-127', 'Synthèse d\'information', 6, 12, NULL, '2026-03-27 14:39:49', '2026-03-27 14:39:49', '5 GSSI'),
	(665, 'TD-128', 'Fiche initiée/affectée', 7, 13, NULL, '2026-03-27 14:39:49', '2026-03-27 14:39:49', '1 CADG'),
	(666, 'TD-129', 'Courrier initié/affecté', 7, 13, NULL, '2026-03-27 14:39:49', '2026-03-27 14:39:49', '2 CADG'),
	(667, 'TD-130', 'Document de synthèse et d\'analyse (mensuel, trimestriel, annuel d\'activité, etc.) et tout autre rapport de contrôle', 7, 13, NULL, '2026-03-27 14:39:49', '2026-03-27 14:39:49', '3 CADG'),
	(668, 'TD-131', 'Fiche initiée/affectée', 7, 14, NULL, '2026-03-27 14:39:49', '2026-03-27 14:39:49', '1 CAA'),
	(669, 'TD-132', 'Courrier initié/affecté', 7, 14, NULL, '2026-03-27 14:39:49', '2026-03-27 14:39:49', '2 CAA'),
	(670, 'TD-133', 'Document de synthèse et d\'analyse (mensuel, trimestriel, annuel d\'activité, etc.) et tout autre rapport de contrôle', 7, 14, NULL, '2026-03-27 14:39:49', '2026-03-27 14:39:49', '3 CAA'),
	(671, 'TD-134', 'Fiche initiée/affectée', 8, 15, NULL, '2026-03-27 14:39:49', '2026-03-27 14:39:49', '1 AR'),
	(672, 'TD-135', 'Courrier initié/affecté', 8, 15, NULL, '2026-03-27 14:39:49', '2026-03-27 14:39:49', '2 AR'),
	(673, 'TD-136', 'Document de synthèse et d\'analyse (mensuel, trimestriel, annuel, de crédit, d\'épargne, d\'étude de marché, d\'analyse de la concurrence, d\'étude d\'ouverture des points de services, de satisfaction des clients, de satisfaction du personnel, enquête, synthèse d\'Informations etc.)', 8, 15, NULL, '2026-03-27 14:39:49', '2026-03-27 14:39:49', '3 AR'),
	(674, 'TD-137', 'Fiche initiée/affectée', 8, 16, NULL, '2026-03-27 14:39:49', '2026-03-27 14:39:49', '1 SR'),
	(675, 'TD-138', 'Courrier initié/affecté', 8, 16, NULL, '2026-03-27 14:39:49', '2026-03-27 14:39:49', '2 SR'),
	(676, 'TD-139', 'Données statistiques, bulletin des chiffres, fichier des gros débiteurs', 8, 16, NULL, '2026-03-27 14:39:49', '2026-03-27 14:39:49', '3 SR'),
	(677, 'TD-140', 'Indicateurs périodiques', 8, 16, NULL, '2026-03-27 14:39:49', '2026-03-27 14:39:49', '4 SR'),
	(678, 'TD-141', 'Document de synthèse et d\'analyse (mensuel, trimestriel, annuel d\'activités, de déclaration à la CENTIF, circonstancié, etc.) et tout autre rapport', 8, 16, NULL, '2026-03-27 14:39:49', '2026-03-27 14:39:49', '5 SR'),
	(679, 'TD-142', 'Fiche initiée/affectée', 9, 17, NULL, '2026-03-27 14:39:49', '2026-03-27 14:39:49', '1 PAI'),
	(680, 'TD-143', 'Courrier initié/affecté', 9, 17, NULL, '2026-03-27 14:39:49', '2026-03-27 14:39:49', '2 PAI'),
	(681, 'TD-144', 'Document de synthèse et d\'analyse (mensuel, trimestriel, annuel d\'activité, de mission élargie, de mission d\'investigations, d\'audit de portefeuilles, de contrôle global, etc.)', 9, 17, NULL, '2026-03-27 14:39:49', '2026-03-27 14:39:49', '3 PAI'),
	(682, 'TD-145', 'Synthèse d\'informations sur les opérations et synthèse de reporting périodique (CB, CA)', 9, 17, NULL, '2026-03-27 14:39:49', '2026-03-27 14:39:49', '4 PAI'),
	(683, 'TD-146', 'Fiche initiée/affectée', 1, 24, NULL, '2026-03-27 14:39:49', '2026-03-27 14:39:49', '1 CJ'),
	(684, 'TD-147', 'Courrier initié/affecté', 1, 24, NULL, '2026-03-27 14:39:49', '2026-03-27 14:39:49', '2 CJ'),
	(685, 'TD-148', 'Document de synthèse et d\'analyse (mensuel, trimestriel, annuel d\'activités, etc.)', 1, 24, NULL, '2026-03-27 14:39:49', '2026-03-27 14:39:49', '3 CJ'),
	(686, 'TD-149', 'Contrat (de Dépôt à Terme (DAT), de partenariat, de prestation de service, de bail, etc.)', 1, 24, NULL, '2026-03-27 14:39:49', '2026-03-27 14:39:49', '4 CJ'),
	(687, 'TD-150', 'Dossier de contentieux (client personnel prestataire, etc.)', 1, 24, NULL, '2026-03-27 14:39:49', '2026-03-27 14:39:49', '5 CJ'),
	(688, 'TD-151', 'Dossier de prêt au personnel', 1, 24, NULL, '2026-03-27 14:39:49', '2026-03-27 14:39:49', '6 CJ'),
	(689, 'TD-152', 'Dossier de client concernant sa garantie (demande de copie, substitution, etc.)', 1, 24, NULL, '2026-03-27 14:39:49', '2026-03-27 14:39:49', '7 CJ'),
	(690, 'TD-153', 'Convention de garantie réelle', 1, 24, NULL, '2026-03-27 14:39:49', '2026-03-27 14:39:49', '8 CJ'),
	(691, 'TD-154', 'Avis juridique / Acte de cautionnement', 1, 24, NULL, '2026-03-27 14:39:49', '2026-03-27 14:39:49', '9 CJ'),
	(692, 'TD-155', 'Fiche initiée/affectée', 1, 3, NULL, '2026-03-27 14:39:49', '2026-03-27 14:39:49', '1 CC'),
	(693, 'TD-156', 'Courrier initié/affecté', 1, 3, NULL, '2026-03-27 14:39:49', '2026-03-27 14:39:49', '2 CC'),
	(694, 'TD-157', 'Document de synthèse et d\'analyse (mensuel, trimestriel, annuel d\'activité, etc.)', 1, 3, NULL, '2026-03-27 14:39:49', '2026-03-27 14:39:49', '3 CC'),
	(695, 'TD-158', 'Document appartenant spécialement à la Cellule de la Sécurité du Système d\'Information', 1, 2, NULL, '2026-03-27 14:39:49', '2026-03-27 14:39:49', 'CSSI'),
	(696, 'TD-159', 'Document appartenant spécialement à la Direction Générale', 1, NULL, NULL, '2026-03-27 14:39:49', '2026-03-27 14:39:49', 'DG'),
	(697, 'TD-160', 'Document appartenant spécialement au Secrétariat du Directeur Général', 1, NULL, NULL, '2026-03-27 14:39:49', '2026-03-27 14:39:49', 'SDG'),
	(698, 'TD-161', 'Document appartenant spécialement à la Direction de l\'Administration et de la Logistique', 10, NULL, NULL, '2026-03-27 14:39:49', '2026-03-27 14:39:49', 'DAL'),
	(699, 'TD-162', 'Document appartenant spécialement à la Direction des Ressources Humaines', 11, NULL, NULL, '2026-03-27 14:39:49', '2026-03-27 14:39:49', 'DRH'),
	(700, 'TD-163', 'Document appartenant spécialement à la Direction de la Comptabilité et des Finances', 4, NULL, NULL, '2026-03-27 14:39:49', '2026-03-27 14:39:49', 'DCF'),
	(701, 'TD-164', 'Document appartenant spécialement à la Direction de l\'Exploitation', 5, NULL, NULL, '2026-03-27 14:39:49', '2026-03-27 14:39:49', 'DE'),
	(702, 'TD-165', 'Document appartenant spécialement à la Direction de la Digitalisation et des Systèmes d\'Information', 6, NULL, NULL, '2026-03-27 14:39:49', '2026-03-27 14:39:49', 'DDSI'),
	(703, 'TD-166', 'Document appartenant spécialement à la Direction des Contrôles Permanents', 7, NULL, NULL, '2026-03-27 14:39:49', '2026-03-27 14:39:49', 'DCP'),
	(704, 'TD-167', 'Document appartenant spécialement à la Direction de la Gestion des Risques', 8, NULL, NULL, '2026-03-27 14:39:49', '2026-03-27 14:39:49', 'DGR'),
	(705, 'TD-168', 'Document appartenant spécialement à la Direction de l\'Audit Interne', 9, NULL, NULL, '2026-03-27 14:39:49', '2026-03-27 14:39:49', 'DAI'),
	(706, 'TD-169', 'Document appartenant spécialement au syndicat et associations professionnelles', NULL, NULL, NULL, '2026-03-27 14:39:49', '2026-03-27 14:39:49', 'SYND'),
	(707, 'TD-170', 'Actes officiels (Loi, Ordonnance, Décret, Traités, Circulaire, Instruction, Convention, Registres des actes officiels, etc.)', NULL, NULL, NULL, '2026-03-27 14:39:49', '2026-03-27 14:39:49', 'AO'),
	(708, 'TD-171', 'Document de l\'Assemblée Générale et du Conseil d\'Administration', NULL, NULL, NULL, '2026-03-27 14:39:49', '2026-03-27 14:39:49', 'AG/CA'),
	(709, 'TD-172', 'Documentation (ensemble de monographies, de littérature grise, journaux, magazines, iconographies- photo album, audiovisuel, etc.) acquise ou rédigée par l\'institution', NULL, NULL, NULL, '2026-03-27 14:39:49', '2026-03-27 14:39:49', 'DI'),
	(710, 'TD-173', 'Manuel de procédures, politiques, statut, règlement intérieur, convention collective etc.', NULL, NULL, NULL, '2026-03-27 14:39:49', '2026-03-27 14:39:49', 'ORG'),
	(711, 'TD-174', 'Registres de présence', NULL, NULL, NULL, '2026-03-27 14:39:49', '2026-03-27 14:39:49', 'REG');
INSERT INTO `metafields` (`id`, `name`, `label`, `field_type`, `required`, `options`, `position`, `createdAt`, `updatedAt`, `type_document_id`) VALUES
	(1, 'Sigle fournisseur', 'Sigle fournisseur', 'text', 1, NULL, NULL, '2026-03-16 12:14:00', '2026-03-16 12:14:00', 1),
	(2, 'N° Fiche', 'N° Fiche', 'text', 1, NULL, NULL, '2026-03-28 04:58:49', '2026-03-28 04:58:49', 538),
	(3, 'Objet', 'Objet', 'text', 1, NULL, NULL, '2026-03-28 04:58:49', '2026-03-28 04:58:49', 538),
	(4, 'Expéditaire / Destinateur', 'Expéditaire / Destinateur', 'text', 1, NULL, NULL, '2026-03-28 04:58:49', '2026-03-28 04:58:49', 538),
	(5, 'Date', 'Date', 'date', 0, NULL, NULL, '2026-03-28 04:58:49', '2026-03-28 04:58:49', 538),
	(6, 'num_fiche', 'N° fiche', 'string', 1, NULL, 1, '2026-03-28 13:26:23', '2026-03-28 13:26:23', 547),
	(7, 'objet', 'Objet', 'string', 1, NULL, 2, '2026-03-28 13:26:23', '2026-03-28 13:26:23', 547),
	(8, 'expediteur_destinataire', 'Expéditeur/Destinataire', 'string', 1, NULL, 3, '2026-03-28 13:26:23', '2026-03-28 13:26:23', 547),
	(9, 'date_doc', 'Date', 'date', 1, NULL, 4, '2026-03-28 13:26:23', '2026-03-28 13:26:23', 547),
	(10, 'num_fiche', 'N° fiche', 'string', 1, NULL, 1, '2026-03-28 13:26:23', '2026-03-28 13:26:23', 575),
	(11, 'objet', 'Objet', 'string', 1, NULL, 2, '2026-03-28 13:26:23', '2026-03-28 13:26:23', 575),
	(12, 'expediteur_destinataire', 'Expéditeur/Destinataire', 'string', 1, NULL, 3, '2026-03-28 13:26:23', '2026-03-28 13:26:23', 575),
	(13, 'date_doc', 'Date', 'date', 1, NULL, 4, '2026-03-28 13:26:23', '2026-03-28 13:26:23', 575),
	(14, 'num_fiche', 'N° fiche', 'string', 1, NULL, 1, '2026-03-28 13:26:23', '2026-03-28 13:26:23', 586),
	(15, 'objet', 'Objet', 'string', 1, NULL, 2, '2026-03-28 13:26:23', '2026-03-28 13:26:23', 586),
	(16, 'expediteur_destinataire', 'Expéditeur/Destinataire', 'string', 1, NULL, 3, '2026-03-28 13:26:23', '2026-03-28 13:26:23', 586),
	(17, 'date_doc', 'Date', 'date', 1, NULL, 4, '2026-03-28 13:26:23', '2026-03-28 13:26:23', 586),
	(18, 'num_fiche', 'N° fiche', 'string', 1, NULL, 1, '2026-03-28 13:26:23', '2026-03-28 13:26:23', 594),
	(19, 'objet', 'Objet', 'string', 1, NULL, 2, '2026-03-28 13:26:23', '2026-03-28 13:26:23', 594),
	(20, 'expediteur_destinataire', 'Expéditeur/Destinataire', 'string', 1, NULL, 3, '2026-03-28 13:26:23', '2026-03-28 13:26:23', 594),
	(21, 'date_doc', 'Date', 'date', 1, NULL, 4, '2026-03-28 13:26:23', '2026-03-28 13:26:23', 594),
	(22, 'num_fiche', 'N° fiche', 'string', 1, NULL, 1, '2026-03-28 13:26:23', '2026-03-28 13:26:23', 598),
	(23, 'objet', 'Objet', 'string', 1, NULL, 2, '2026-03-28 13:26:23', '2026-03-28 13:26:23', 598),
	(24, 'expediteur_destinataire', 'Expéditeur/Destinataire', 'string', 1, NULL, 3, '2026-03-28 13:26:23', '2026-03-28 13:26:23', 598),
	(25, 'date_doc', 'Date', 'date', 1, NULL, 4, '2026-03-28 13:26:23', '2026-03-28 13:26:23', 598),
	(26, 'num_fiche', 'N° fiche', 'string', 1, NULL, 1, '2026-03-28 13:26:23', '2026-03-28 13:26:23', 611),
	(27, 'objet', 'Objet', 'string', 1, NULL, 2, '2026-03-28 13:26:23', '2026-03-28 13:26:23', 611),
	(28, 'expediteur_destinataire', 'Expéditeur/Destinataire', 'string', 1, NULL, 3, '2026-03-28 13:26:23', '2026-03-28 13:26:23', 611),
	(29, 'date_doc', 'Date', 'date', 1, NULL, 4, '2026-03-28 13:26:23', '2026-03-28 13:26:23', 611),
	(30, 'num_fiche', 'N° fiche', 'string', 1, NULL, 1, '2026-03-28 13:26:23', '2026-03-28 13:26:23', 626),
	(31, 'objet', 'Objet', 'string', 1, NULL, 2, '2026-03-28 13:26:23', '2026-03-28 13:26:23', 626),
	(32, 'expediteur_destinataire', 'Expéditeur/Destinataire', 'string', 1, NULL, 3, '2026-03-28 13:26:23', '2026-03-28 13:26:23', 626),
	(33, 'date_doc', 'Date', 'date', 1, NULL, 4, '2026-03-28 13:26:23', '2026-03-28 13:26:23', 626),
	(34, 'num_fiche', 'N° fiche', 'string', 1, NULL, 1, '2026-03-28 13:26:23', '2026-03-28 13:26:23', 633),
	(35, 'objet', 'Objet', 'string', 1, NULL, 2, '2026-03-28 13:26:23', '2026-03-28 13:26:23', 633),
	(36, 'expediteur_destinataire', 'Expéditeur/Destinataire', 'string', 1, NULL, 3, '2026-03-28 13:26:23', '2026-03-28 13:26:23', 633),
	(37, 'date_doc', 'Date', 'date', 1, NULL, 4, '2026-03-28 13:26:23', '2026-03-28 13:26:23', 633),
	(38, 'num_fiche', 'N° fiche', 'string', 1, NULL, 1, '2026-03-28 13:26:23', '2026-03-28 13:26:23', 639),
	(39, 'objet', 'Objet', 'string', 1, NULL, 2, '2026-03-28 13:26:23', '2026-03-28 13:26:23', 639),
	(40, 'expediteur_destinataire', 'Expéditeur/Destinataire', 'string', 1, NULL, 3, '2026-03-28 13:26:23', '2026-03-28 13:26:23', 639),
	(41, 'date_doc', 'Date', 'date', 1, NULL, 4, '2026-03-28 13:26:23', '2026-03-28 13:26:23', 639),
	(42, 'num_fiche', 'N° fiche', 'string', 1, NULL, 1, '2026-03-28 13:26:23', '2026-03-28 13:26:23', 643),
	(43, 'objet', 'Objet', 'string', 1, NULL, 2, '2026-03-28 13:26:23', '2026-03-28 13:26:23', 643),
	(44, 'expediteur_destinataire', 'Expéditeur/Destinataire', 'string', 1, NULL, 3, '2026-03-28 13:26:23', '2026-03-28 13:26:23', 643),
	(45, 'date_doc', 'Date', 'date', 1, NULL, 4, '2026-03-28 13:26:23', '2026-03-28 13:26:23', 643),
	(46, 'num_fiche', 'N° fiche', 'string', 1, NULL, 1, '2026-03-28 13:26:23', '2026-03-28 13:26:23', 652),
	(47, 'objet', 'Objet', 'string', 1, NULL, 2, '2026-03-28 13:26:23', '2026-03-28 13:26:23', 652),
	(48, 'expediteur_destinataire', 'Expéditeur/Destinataire', 'string', 1, NULL, 3, '2026-03-28 13:26:23', '2026-03-28 13:26:23', 652),
	(49, 'date_doc', 'Date', 'date', 1, NULL, 4, '2026-03-28 13:26:23', '2026-03-28 13:26:23', 652),
	(50, 'num_fiche', 'N° fiche', 'string', 1, NULL, 1, '2026-03-28 13:26:23', '2026-03-28 13:26:23', 656),
	(51, 'objet', 'Objet', 'string', 1, NULL, 2, '2026-03-28 13:26:23', '2026-03-28 13:26:23', 656),
	(52, 'expediteur_destinataire', 'Expéditeur/Destinataire', 'string', 1, NULL, 3, '2026-03-28 13:26:23', '2026-03-28 13:26:23', 656),
	(53, 'date_doc', 'Date', 'date', 1, NULL, 4, '2026-03-28 13:26:23', '2026-03-28 13:26:23', 656),
	(54, 'num_fiche', 'N° fiche', 'string', 1, NULL, 1, '2026-03-28 13:26:23', '2026-03-28 13:26:23', 660),
	(55, 'objet', 'Objet', 'string', 1, NULL, 2, '2026-03-28 13:26:23', '2026-03-28 13:26:23', 660),
	(56, 'expediteur_destinataire', 'Expéditeur/Destinataire', 'string', 1, NULL, 3, '2026-03-28 13:26:23', '2026-03-28 13:26:23', 660),
	(57, 'date_doc', 'Date', 'date', 1, NULL, 4, '2026-03-28 13:26:23', '2026-03-28 13:26:23', 660),
	(58, 'num_fiche', 'N° fiche', 'string', 1, NULL, 1, '2026-03-28 13:26:23', '2026-03-28 13:26:23', 665),
	(59, 'objet', 'Objet', 'string', 1, NULL, 2, '2026-03-28 13:26:23', '2026-03-28 13:26:23', 665),
	(60, 'expediteur_destinataire', 'Expéditeur/Destinataire', 'string', 1, NULL, 3, '2026-03-28 13:26:23', '2026-03-28 13:26:23', 665),
	(61, 'date_doc', 'Date', 'date', 1, NULL, 4, '2026-03-28 13:26:23', '2026-03-28 13:26:23', 665),
	(62, 'num_fiche', 'N° fiche', 'string', 1, NULL, 1, '2026-03-28 13:26:23', '2026-03-28 13:26:23', 668),
	(63, 'objet', 'Objet', 'string', 1, NULL, 2, '2026-03-28 13:26:23', '2026-03-28 13:26:23', 668),
	(64, 'expediteur_destinataire', 'Expéditeur/Destinataire', 'string', 1, NULL, 3, '2026-03-28 13:26:23', '2026-03-28 13:26:23', 668),
	(65, 'date_doc', 'Date', 'date', 1, NULL, 4, '2026-03-28 13:26:23', '2026-03-28 13:26:23', 668),
	(66, 'num_fiche', 'N° fiche', 'string', 1, NULL, 1, '2026-03-28 13:26:23', '2026-03-28 13:26:23', 671),
	(67, 'objet', 'Objet', 'string', 1, NULL, 2, '2026-03-28 13:26:23', '2026-03-28 13:26:23', 671),
	(68, 'expediteur_destinataire', 'Expéditeur/Destinataire', 'string', 1, NULL, 3, '2026-03-28 13:26:23', '2026-03-28 13:26:23', 671),
	(69, 'date_doc', 'Date', 'date', 1, NULL, 4, '2026-03-28 13:26:23', '2026-03-28 13:26:23', 671),
	(70, 'num_fiche', 'N° fiche', 'string', 1, NULL, 1, '2026-03-28 13:26:23', '2026-03-28 13:26:23', 674),
	(71, 'objet', 'Objet', 'string', 1, NULL, 2, '2026-03-28 13:26:23', '2026-03-28 13:26:23', 674),
	(72, 'expediteur_destinataire', 'Expéditeur/Destinataire', 'string', 1, NULL, 3, '2026-03-28 13:26:23', '2026-03-28 13:26:23', 674),
	(73, 'date_doc', 'Date', 'date', 1, NULL, 4, '2026-03-28 13:26:23', '2026-03-28 13:26:23', 674),
	(74, 'num_fiche', 'N° fiche', 'string', 1, NULL, 1, '2026-03-28 13:26:23', '2026-03-28 13:26:23', 679),
	(75, 'objet', 'Objet', 'string', 1, NULL, 2, '2026-03-28 13:26:23', '2026-03-28 13:26:23', 679),
	(76, 'expediteur_destinataire', 'Expéditeur/Destinataire', 'string', 1, NULL, 3, '2026-03-28 13:26:23', '2026-03-28 13:26:23', 679),
	(77, 'date_doc', 'Date', 'date', 1, NULL, 4, '2026-03-28 13:26:23', '2026-03-28 13:26:23', 679),
	(78, 'num_fiche', 'N° fiche', 'string', 1, NULL, 1, '2026-03-28 13:26:23', '2026-03-28 13:26:23', 683),
	(79, 'objet', 'Objet', 'string', 1, NULL, 2, '2026-03-28 13:26:23', '2026-03-28 13:26:23', 683),
	(80, 'expediteur_destinataire', 'Expéditeur/Destinataire', 'string', 1, NULL, 3, '2026-03-28 13:26:23', '2026-03-28 13:26:23', 683),
	(81, 'date_doc', 'Date', 'date', 1, NULL, 4, '2026-03-28 13:26:23', '2026-03-28 13:26:23', 683),
	(82, 'num_fiche', 'N° fiche', 'string', 1, NULL, 1, '2026-03-28 13:26:23', '2026-03-28 13:26:23', 692),
	(83, 'objet', 'Objet', 'string', 1, NULL, 2, '2026-03-28 13:26:23', '2026-03-28 13:26:23', 692),
	(84, 'expediteur_destinataire', 'Expéditeur/Destinataire', 'string', 1, NULL, 3, '2026-03-28 13:26:23', '2026-03-28 13:26:23', 692),
	(85, 'date_doc', 'Date', 'date', 1, NULL, 4, '2026-03-28 13:26:23', '2026-03-28 13:26:23', 692),
	(86, 'num_fiche', 'N° fiche', 'string', 1, NULL, 1, '2026-03-28 13:26:23', '2026-03-28 13:26:23', 565),
	(87, 'objet', 'Objet', 'string', 1, NULL, 2, '2026-03-28 13:26:23', '2026-03-28 13:26:23', 565),
	(88, 'expediteur_destinataire', 'Expéditeur/Destinataire', 'string', 1, NULL, 3, '2026-03-28 13:26:23', '2026-03-28 13:26:23', 565),
	(89, 'date_doc', 'Date', 'date', 1, NULL, 4, '2026-03-28 13:26:23', '2026-03-28 13:26:23', 565),
	(90, 'num_fiche', 'N° fiche', 'string', 1, NULL, 1, '2026-03-28 13:26:23', '2026-03-28 13:26:23', 539),
	(91, 'objet', 'Objet', 'string', 1, NULL, 2, '2026-03-28 13:26:23', '2026-03-28 13:26:23', 539),
	(92, 'expediteur_destinataire', 'Expéditeur/Destinataire', 'string', 1, NULL, 3, '2026-03-28 13:26:23', '2026-03-28 13:26:23', 539),
	(93, 'date_doc', 'Date', 'date', 1, NULL, 4, '2026-03-28 13:26:23', '2026-03-28 13:26:23', 539),
	(94, 'num_fiche', 'N° fiche', 'string', 1, NULL, 1, '2026-03-28 13:26:23', '2026-03-28 13:26:23', 566),
	(95, 'objet', 'Objet', 'string', 1, NULL, 2, '2026-03-28 13:26:23', '2026-03-28 13:26:23', 566),
	(96, 'expediteur_destinataire', 'Expéditeur/Destinataire', 'string', 1, NULL, 3, '2026-03-28 13:26:23', '2026-03-28 13:26:23', 566),
	(97, 'date_doc', 'Date', 'date', 1, NULL, 4, '2026-03-28 13:26:23', '2026-03-28 13:26:23', 566),
	(98, 'num_courrier', 'N° courrier', 'string', 1, NULL, 1, '2026-03-28 13:37:50', '2026-03-28 13:37:50', 539),
	(99, 'objet', 'Objet', 'string', 1, NULL, 2, '2026-03-28 13:37:50', '2026-03-28 13:37:50', 539),
	(100, 'expediteur_destinataire', 'Expéditeur/Destinataire', 'string', 1, NULL, 3, '2026-03-28 13:37:50', '2026-03-28 13:37:50', 539),
	(101, 'date_doc', 'Date', 'date', 1, NULL, 4, '2026-03-28 13:37:50', '2026-03-28 13:37:50', 539),
	(102, 'num_courrier', 'N° courrier', 'string', 1, NULL, 1, '2026-03-28 13:37:50', '2026-03-28 13:37:50', 548),
	(103, 'objet', 'Objet', 'string', 1, NULL, 2, '2026-03-28 13:37:50', '2026-03-28 13:37:50', 548),
	(104, 'expediteur_destinataire', 'Expéditeur/Destinataire', 'string', 1, NULL, 3, '2026-03-28 13:37:50', '2026-03-28 13:37:50', 548),
	(105, 'date_doc', 'Date', 'date', 1, NULL, 4, '2026-03-28 13:37:50', '2026-03-28 13:37:50', 548),
	(106, 'num_courrier', 'N° courrier', 'string', 1, NULL, 1, '2026-03-28 13:37:50', '2026-03-28 13:37:50', 566),
	(107, 'objet', 'Objet', 'string', 1, NULL, 2, '2026-03-28 13:37:50', '2026-03-28 13:37:50', 566),
	(108, 'expediteur_destinataire', 'Expéditeur/Destinataire', 'string', 1, NULL, 3, '2026-03-28 13:37:50', '2026-03-28 13:37:50', 566),
	(109, 'date_doc', 'Date', 'date', 1, NULL, 4, '2026-03-28 13:37:50', '2026-03-28 13:37:50', 566),
	(110, 'num_courrier', 'N° courrier', 'string', 1, NULL, 1, '2026-03-28 13:37:50', '2026-03-28 13:37:50', 576),
	(111, 'objet', 'Objet', 'string', 1, NULL, 2, '2026-03-28 13:37:50', '2026-03-28 13:37:50', 576),
	(112, 'expediteur_destinataire', 'Expéditeur/Destinataire', 'string', 1, NULL, 3, '2026-03-28 13:37:50', '2026-03-28 13:37:50', 576),
	(113, 'date_doc', 'Date', 'date', 1, NULL, 4, '2026-03-28 13:37:50', '2026-03-28 13:37:50', 576),
	(114, 'num_courrier', 'N° courrier', 'string', 1, NULL, 1, '2026-03-28 13:37:50', '2026-03-28 13:37:50', 587),
	(115, 'objet', 'Objet', 'string', 1, NULL, 2, '2026-03-28 13:37:50', '2026-03-28 13:37:50', 587),
	(116, 'expediteur_destinataire', 'Expéditeur/Destinataire', 'string', 1, NULL, 3, '2026-03-28 13:37:50', '2026-03-28 13:37:50', 587),
	(117, 'date_doc', 'Date', 'date', 1, NULL, 4, '2026-03-28 13:37:50', '2026-03-28 13:37:50', 587),
	(118, 'num_courrier', 'N° courrier', 'string', 1, NULL, 1, '2026-03-28 13:37:50', '2026-03-28 13:37:50', 595),
	(119, 'objet', 'Objet', 'string', 1, NULL, 2, '2026-03-28 13:37:50', '2026-03-28 13:37:50', 595),
	(120, 'expediteur_destinataire', 'Expéditeur/Destinataire', 'string', 1, NULL, 3, '2026-03-28 13:37:50', '2026-03-28 13:37:50', 595),
	(121, 'date_doc', 'Date', 'date', 1, NULL, 4, '2026-03-28 13:37:50', '2026-03-28 13:37:50', 595),
	(122, 'num_courrier', 'N° courrier', 'string', 1, NULL, 1, '2026-03-28 13:37:50', '2026-03-28 13:37:50', 599),
	(123, 'objet', 'Objet', 'string', 1, NULL, 2, '2026-03-28 13:37:50', '2026-03-28 13:37:50', 599),
	(124, 'expediteur_destinataire', 'Expéditeur/Destinataire', 'string', 1, NULL, 3, '2026-03-28 13:37:50', '2026-03-28 13:37:50', 599),
	(125, 'date_doc', 'Date', 'date', 1, NULL, 4, '2026-03-28 13:37:50', '2026-03-28 13:37:50', 599),
	(126, 'num_courrier', 'N° courrier', 'string', 1, NULL, 1, '2026-03-28 13:37:50', '2026-03-28 13:37:50', 612),
	(127, 'objet', 'Objet', 'string', 1, NULL, 2, '2026-03-28 13:37:50', '2026-03-28 13:37:50', 612),
	(128, 'expediteur_destinataire', 'Expéditeur/Destinataire', 'string', 1, NULL, 3, '2026-03-28 13:37:50', '2026-03-28 13:37:50', 612),
	(129, 'date_doc', 'Date', 'date', 1, NULL, 4, '2026-03-28 13:37:50', '2026-03-28 13:37:50', 612),
	(130, 'num_courrier', 'N° courrier', 'string', 1, NULL, 1, '2026-03-28 13:37:50', '2026-03-28 13:37:50', 627),
	(131, 'objet', 'Objet', 'string', 1, NULL, 2, '2026-03-28 13:37:50', '2026-03-28 13:37:50', 627),
	(132, 'expediteur_destinataire', 'Expéditeur/Destinataire', 'string', 1, NULL, 3, '2026-03-28 13:37:50', '2026-03-28 13:37:50', 627),
	(133, 'date_doc', 'Date', 'date', 1, NULL, 4, '2026-03-28 13:37:50', '2026-03-28 13:37:50', 627),
	(134, 'num_courrier', 'N° courrier', 'string', 1, NULL, 1, '2026-03-28 13:37:50', '2026-03-28 13:37:50', 634),
	(135, 'objet', 'Objet', 'string', 1, NULL, 2, '2026-03-28 13:37:50', '2026-03-28 13:37:50', 634),
	(136, 'expediteur_destinataire', 'Expéditeur/Destinataire', 'string', 1, NULL, 3, '2026-03-28 13:37:50', '2026-03-28 13:37:50', 634),
	(137, 'date_doc', 'Date', 'date', 1, NULL, 4, '2026-03-28 13:37:50', '2026-03-28 13:37:50', 634),
	(138, 'num_courrier', 'N° courrier', 'string', 1, NULL, 1, '2026-03-28 13:37:50', '2026-03-28 13:37:50', 640),
	(139, 'objet', 'Objet', 'string', 1, NULL, 2, '2026-03-28 13:37:50', '2026-03-28 13:37:50', 640),
	(140, 'expediteur_destinataire', 'Expéditeur/Destinataire', 'string', 1, NULL, 3, '2026-03-28 13:37:50', '2026-03-28 13:37:50', 640),
	(141, 'date_doc', 'Date', 'date', 1, NULL, 4, '2026-03-28 13:37:50', '2026-03-28 13:37:50', 640),
	(142, 'num_courrier', 'N° courrier', 'string', 1, NULL, 1, '2026-03-28 13:37:50', '2026-03-28 13:37:50', 644),
	(143, 'objet', 'Objet', 'string', 1, NULL, 2, '2026-03-28 13:37:50', '2026-03-28 13:37:50', 644),
	(144, 'expediteur_destinataire', 'Expéditeur/Destinataire', 'string', 1, NULL, 3, '2026-03-28 13:37:50', '2026-03-28 13:37:50', 644),
	(145, 'date_doc', 'Date', 'date', 1, NULL, 4, '2026-03-28 13:37:50', '2026-03-28 13:37:50', 644),
	(146, 'num_courrier', 'N° courrier', 'string', 1, NULL, 1, '2026-03-28 13:37:50', '2026-03-28 13:37:50', 653),
	(147, 'objet', 'Objet', 'string', 1, NULL, 2, '2026-03-28 13:37:50', '2026-03-28 13:37:50', 653),
	(148, 'expediteur_destinataire', 'Expéditeur/Destinataire', 'string', 1, NULL, 3, '2026-03-28 13:37:50', '2026-03-28 13:37:50', 653),
	(149, 'date_doc', 'Date', 'date', 1, NULL, 4, '2026-03-28 13:37:50', '2026-03-28 13:37:50', 653),
	(150, 'num_courrier', 'N° courrier', 'string', 1, NULL, 1, '2026-03-28 13:37:50', '2026-03-28 13:37:50', 657),
	(151, 'objet', 'Objet', 'string', 1, NULL, 2, '2026-03-28 13:37:50', '2026-03-28 13:37:50', 657),
	(152, 'expediteur_destinataire', 'Expéditeur/Destinataire', 'string', 1, NULL, 3, '2026-03-28 13:37:50', '2026-03-28 13:37:50', 657),
	(153, 'date_doc', 'Date', 'date', 1, NULL, 4, '2026-03-28 13:37:50', '2026-03-28 13:37:50', 657),
	(154, 'num_courrier', 'N° courrier', 'string', 1, NULL, 1, '2026-03-28 13:37:50', '2026-03-28 13:37:50', 661),
	(155, 'objet', 'Objet', 'string', 1, NULL, 2, '2026-03-28 13:37:50', '2026-03-28 13:37:50', 661),
	(156, 'expediteur_destinataire', 'Expéditeur/Destinataire', 'string', 1, NULL, 3, '2026-03-28 13:37:50', '2026-03-28 13:37:50', 661),
	(157, 'date_doc', 'Date', 'date', 1, NULL, 4, '2026-03-28 13:37:50', '2026-03-28 13:37:50', 661),
	(158, 'num_courrier', 'N° courrier', 'string', 1, NULL, 1, '2026-03-28 13:37:50', '2026-03-28 13:37:50', 666),
	(159, 'objet', 'Objet', 'string', 1, NULL, 2, '2026-03-28 13:37:50', '2026-03-28 13:37:50', 666),
	(160, 'expediteur_destinataire', 'Expéditeur/Destinataire', 'string', 1, NULL, 3, '2026-03-28 13:37:50', '2026-03-28 13:37:50', 666),
	(161, 'date_doc', 'Date', 'date', 1, NULL, 4, '2026-03-28 13:37:50', '2026-03-28 13:37:50', 666),
	(162, 'num_courrier', 'N° courrier', 'string', 1, NULL, 1, '2026-03-28 13:37:50', '2026-03-28 13:37:50', 669),
	(163, 'objet', 'Objet', 'string', 1, NULL, 2, '2026-03-28 13:37:50', '2026-03-28 13:37:50', 669),
	(164, 'expediteur_destinataire', 'Expéditeur/Destinataire', 'string', 1, NULL, 3, '2026-03-28 13:37:50', '2026-03-28 13:37:50', 669),
	(165, 'date_doc', 'Date', 'date', 1, NULL, 4, '2026-03-28 13:37:50', '2026-03-28 13:37:50', 669),
	(166, 'num_courrier', 'N° courrier', 'string', 1, NULL, 1, '2026-03-28 13:37:50', '2026-03-28 13:37:50', 672),
	(167, 'objet', 'Objet', 'string', 1, NULL, 2, '2026-03-28 13:37:50', '2026-03-28 13:37:50', 672),
	(168, 'expediteur_destinataire', 'Expéditeur/Destinataire', 'string', 1, NULL, 3, '2026-03-28 13:37:50', '2026-03-28 13:37:50', 672),
	(169, 'date_doc', 'Date', 'date', 1, NULL, 4, '2026-03-28 13:37:50', '2026-03-28 13:37:50', 672),
	(170, 'num_courrier', 'N° courrier', 'string', 1, NULL, 1, '2026-03-28 13:37:50', '2026-03-28 13:37:50', 675),
	(171, 'objet', 'Objet', 'string', 1, NULL, 2, '2026-03-28 13:37:50', '2026-03-28 13:37:50', 675),
	(172, 'expediteur_destinataire', 'Expéditeur/Destinataire', 'string', 1, NULL, 3, '2026-03-28 13:37:50', '2026-03-28 13:37:50', 675),
	(173, 'date_doc', 'Date', 'date', 1, NULL, 4, '2026-03-28 13:37:50', '2026-03-28 13:37:50', 675),
	(174, 'num_courrier', 'N° courrier', 'string', 1, NULL, 1, '2026-03-28 13:37:50', '2026-03-28 13:37:50', 680),
	(175, 'objet', 'Objet', 'string', 1, NULL, 2, '2026-03-28 13:37:50', '2026-03-28 13:37:50', 680),
	(176, 'expediteur_destinataire', 'Expéditeur/Destinataire', 'string', 1, NULL, 3, '2026-03-28 13:37:50', '2026-03-28 13:37:50', 680),
	(177, 'date_doc', 'Date', 'date', 1, NULL, 4, '2026-03-28 13:37:50', '2026-03-28 13:37:50', 680),
	(178, 'num_courrier', 'N° courrier', 'string', 1, NULL, 1, '2026-03-28 13:37:50', '2026-03-28 13:37:50', 684),
	(179, 'objet', 'Objet', 'string', 1, NULL, 2, '2026-03-28 13:37:50', '2026-03-28 13:37:50', 684),
	(180, 'expediteur_destinataire', 'Expéditeur/Destinataire', 'string', 1, NULL, 3, '2026-03-28 13:37:50', '2026-03-28 13:37:50', 684),
	(181, 'date_doc', 'Date', 'date', 1, NULL, 4, '2026-03-28 13:37:50', '2026-03-28 13:37:50', 684),
	(182, 'num_courrier', 'N° courrier', 'string', 1, NULL, 1, '2026-03-28 13:37:50', '2026-03-28 13:37:50', 693),
	(183, 'objet', 'Objet', 'string', 1, NULL, 2, '2026-03-28 13:37:50', '2026-03-28 13:37:50', 693),
	(184, 'expediteur_destinataire', 'Expéditeur/Destinataire', 'string', 1, NULL, 3, '2026-03-28 13:37:50', '2026-03-28 13:37:50', 693),
	(185, 'date_doc', 'Date', 'date', 1, NULL, 4, '2026-03-28 13:37:50', '2026-03-28 13:37:50', 693),
	(187, 'num_doc', 'N°', 'string', 1, NULL, 1, '2026-03-28 22:22:29', '2026-03-28 22:22:29', 541),
	(188, 'objet', 'Objet', 'string', 1, NULL, 2, '2026-03-28 22:22:29', '2026-03-28 22:22:29', 541),
	(189, 'date_doc', 'Date', 'date', 1, NULL, 3, '2026-03-28 22:22:29', '2026-03-28 22:22:29', 541),
	(190, 'num_doc', 'N°', 'string', 1, NULL, 1, '2026-03-28 22:22:29', '2026-03-28 22:22:29', 542),
	(191, 'objet', 'Objet', 'string', 1, NULL, 2, '2026-03-28 22:22:29', '2026-03-28 22:22:29', 542),
	(192, 'date_doc', 'Date', 'date', 1, NULL, 3, '2026-03-28 22:22:29', '2026-03-28 22:22:29', 542),
	(193, 'num_doc', 'N°', 'string', 1, NULL, 1, '2026-03-28 22:22:29', '2026-03-28 22:22:29', 543),
	(194, 'objet', 'Objet', 'string', 1, NULL, 2, '2026-03-28 22:22:29', '2026-03-28 22:22:29', 543),
	(195, 'date_doc', 'Date', 'date', 1, NULL, 3, '2026-03-28 22:22:29', '2026-03-28 22:22:29', 543),
	(196, 'num_doc', 'N°', 'string', 1, NULL, 1, '2026-03-28 22:22:29', '2026-03-28 22:22:29', 544),
	(197, 'objet', 'Objet', 'string', 1, NULL, 2, '2026-03-28 22:22:29', '2026-03-28 22:22:29', 544),
	(198, 'date_doc', 'Date', 'date', 1, NULL, 3, '2026-03-28 22:22:29', '2026-03-28 22:22:29', 544),
	(199, 'periode', 'Période', 'string', 1, NULL, 1, '2026-03-28 22:22:29', '2026-03-28 22:22:29', 545),
	(200, 'periode', 'Période', 'string', 1, NULL, 1, '2026-03-28 22:22:29', '2026-03-28 22:22:29', 570),
	(201, 'periode', 'Période', 'string', 1, NULL, 1, '2026-03-28 22:22:29', '2026-03-28 22:22:29', 642),
	(202, 'num_bordereau', 'N° bordereau', 'string', 1, NULL, 1, '2026-03-28 22:22:29', '2026-03-28 22:22:29', 546),
	(203, 'service_emetteur', 'Service émetteur', 'string', 1, NULL, 2, '2026-03-28 22:22:29', '2026-03-28 22:22:29', 546),
	(204, 'date_doc', 'Date', 'date', 1, NULL, 3, '2026-03-28 22:22:29', '2026-03-28 22:22:29', 546),
	(205, 'num_bordereau', 'N° bordereau', 'string', 1, NULL, 1, '2026-03-28 22:22:29', '2026-03-28 22:22:29', 585),
	(206, 'service_emetteur', 'Service émetteur', 'string', 1, NULL, 2, '2026-03-28 22:22:29', '2026-03-28 22:22:29', 585),
	(207, 'date_doc', 'Date', 'date', 1, NULL, 3, '2026-03-28 22:22:29', '2026-03-28 22:22:29', 585),
	(208, 'num_ordre', 'N° ordre', 'string', 1, NULL, 1, '2026-03-28 22:22:29', '2026-03-28 22:22:29', 550),
	(209, 'objet', 'Objet', 'string', 1, NULL, 2, '2026-03-28 22:22:29', '2026-03-28 22:22:29', 550),
	(210, 'date_doc', 'Date', 'date', 1, NULL, 3, '2026-03-28 22:22:29', '2026-03-28 22:22:29', 550),
	(211, 'date_doc', 'Date', 'date', 1, NULL, 1, '2026-03-28 22:22:29', '2026-03-28 22:22:29', 551),
	(212, 'objet', 'Objet', 'string', 1, NULL, 2, '2026-03-28 22:22:29', '2026-03-28 22:22:29', 551),
	(213, 'num_contrat', 'N° contrat', 'string', 1, NULL, 1, '2026-03-28 22:22:29', '2026-03-28 22:22:29', 552),
	(214, 'parties', 'Parties contractantes', 'string', 1, NULL, 2, '2026-03-28 22:22:29', '2026-03-28 22:22:29', 552),
	(215, 'objet', 'Objet', 'string', 1, NULL, 3, '2026-03-28 22:22:29', '2026-03-28 22:22:29', 552),
	(216, 'date_doc', 'Date', 'date', 1, NULL, 4, '2026-03-28 22:22:29', '2026-03-28 22:22:29', 552),
	(217, 'num_contrat', 'N° contrat', 'string', 1, NULL, 1, '2026-03-28 22:22:29', '2026-03-28 22:22:29', 564),
	(218, 'parties', 'Parties contractantes', 'string', 1, NULL, 2, '2026-03-28 22:22:29', '2026-03-28 22:22:29', 564),
	(219, 'objet', 'Objet', 'string', 1, NULL, 3, '2026-03-28 22:22:29', '2026-03-28 22:22:29', 564),
	(220, 'date_doc', 'Date', 'date', 1, NULL, 4, '2026-03-28 22:22:29', '2026-03-28 22:22:29', 564),
	(221, 'num_contrat', 'N° contrat', 'string', 1, NULL, 1, '2026-03-28 22:22:29', '2026-03-28 22:22:29', 686),
	(222, 'parties', 'Parties contractantes', 'string', 1, NULL, 2, '2026-03-28 22:22:29', '2026-03-28 22:22:29', 686),
	(223, 'objet', 'Objet', 'string', 1, NULL, 3, '2026-03-28 22:22:29', '2026-03-28 22:22:29', 686),
	(224, 'date_doc', 'Date', 'date', 1, NULL, 4, '2026-03-28 22:22:29', '2026-03-28 22:22:29', 686),
	(225, 'num_extreme', 'N° extrême', 'string', 1, NULL, 1, '2026-03-28 22:22:29', '2026-03-28 22:22:29', 553),
	(226, 'date_extreme', 'Date extrême', 'date', 1, NULL, 2, '2026-03-28 22:22:29', '2026-03-28 22:22:29', 553),
	(227, 'num_extreme', 'N° extrême', 'string', 1, NULL, 1, '2026-03-28 22:22:29', '2026-03-28 22:22:29', 554),
	(228, 'date_extreme', 'Date extrême', 'date', 1, NULL, 2, '2026-03-28 22:22:29', '2026-03-28 22:22:29', 554),
	(229, 'num_extreme', 'N° extrême', 'string', 1, NULL, 1, '2026-03-28 22:22:29', '2026-03-28 22:22:29', 555),
	(230, 'date_extreme', 'Date extrême', 'date', 1, NULL, 2, '2026-03-28 22:22:29', '2026-03-28 22:22:29', 555),
	(231, 'num_extreme', 'N° extrême', 'string', 1, NULL, 1, '2026-03-28 22:22:29', '2026-03-28 22:22:29', 556),
	(232, 'date_extreme', 'Date extrême', 'date', 1, NULL, 2, '2026-03-28 22:22:29', '2026-03-28 22:22:29', 556),
	(233, 'num_pv', 'N° PV', 'string', 1, NULL, 1, '2026-03-28 22:22:29', '2026-03-28 22:22:29', 557),
	(234, 'date_doc', 'Date', 'date', 1, NULL, 2, '2026-03-28 22:22:29', '2026-03-28 22:22:29', 557),
	(235, 'fournisseur', 'Fournisseur', 'string', 1, NULL, 3, '2026-03-28 22:22:29', '2026-03-28 22:22:29', 557),
	(236, 'num_dossier', 'N° dossier', 'string', 1, NULL, 1, '2026-03-28 22:22:29', '2026-03-28 22:22:29', 558),
	(237, 'bien', 'Bien', 'string', 1, NULL, 2, '2026-03-28 22:22:29', '2026-03-28 22:22:29', 558),
	(238, 'date_doc', 'Date', 'date', 1, NULL, 3, '2026-03-28 22:22:29', '2026-03-28 22:22:29', 558),
	(239, 'num_fiche', 'N° fiche', 'string', 1, NULL, 1, '2026-03-28 22:22:29', '2026-03-28 22:22:29', 560),
	(240, 'type_fiche', 'Type de fiche', 'string', 1, NULL, 2, '2026-03-28 22:22:29', '2026-03-28 22:22:29', 560),
	(241, 'bien', 'Bien', 'string', 1, NULL, 3, '2026-03-28 22:22:29', '2026-03-28 22:22:29', 560),
	(242, 'periode', 'Période', 'string', 1, NULL, 1, '2026-03-28 22:22:29', '2026-03-28 22:22:29', 601),
	(243, 'agence', 'Agence', 'string', 1, NULL, 2, '2026-03-28 22:22:29', '2026-03-28 22:22:29', 601),
	(244, 'date_doc', 'Date', 'date', 1, NULL, 3, '2026-03-28 22:22:29', '2026-03-28 22:22:29', 601),
	(245, 'periode', 'Période', 'string', 1, NULL, 1, '2026-03-28 22:22:29', '2026-03-28 22:22:29', 602),
	(246, 'date_doc', 'Date', 'date', 1, NULL, 2, '2026-03-28 22:22:29', '2026-03-28 22:22:29', 602),
	(247, 'periode', 'Période', 'string', 1, NULL, 1, '2026-03-28 22:22:29', '2026-03-28 22:22:29', 603),
	(248, 'date_doc', 'Date', 'date', 1, NULL, 2, '2026-03-28 22:22:29', '2026-03-28 22:22:29', 603),
	(249, 'periode', 'Période', 'string', 1, NULL, 1, '2026-03-28 22:22:29', '2026-03-28 22:22:29', 604),
	(250, 'date_doc', 'Date', 'date', 1, NULL, 2, '2026-03-28 22:22:29', '2026-03-28 22:22:29', 604),
	(251, 'periode', 'Période', 'string', 1, NULL, 1, '2026-03-28 22:22:29', '2026-03-28 22:22:29', 605),
	(252, 'date_doc', 'Date', 'date', 1, NULL, 2, '2026-03-28 22:22:29', '2026-03-28 22:22:29', 605),
	(253, 'bureau', 'Bureau', 'string', 1, NULL, 1, '2026-03-28 22:22:29', '2026-03-28 22:22:29', 606),
	(254, 'date_doc', 'Date', 'date', 1, NULL, 2, '2026-03-28 22:22:29', '2026-03-28 22:22:29', 606),
	(255, 'bureau', 'Bureau', 'string', 1, NULL, 1, '2026-03-28 22:22:29', '2026-03-28 22:22:29', 636),
	(256, 'date_doc', 'Date', 'date', 1, NULL, 2, '2026-03-28 22:22:29', '2026-03-28 22:22:29', 636),
	(257, 'montant', 'Montant', 'decimal', 1, NULL, 1, '2026-03-28 22:22:29', '2026-03-28 22:22:29', 614),
	(258, 'date_doc', 'Date', 'date', 1, NULL, 2, '2026-03-28 22:22:29', '2026-03-28 22:22:29', 614),
	(259, 'periode', 'Période', 'string', 1, NULL, 1, '2026-03-28 22:22:29', '2026-03-28 22:22:29', 615),
	(260, 'periode', 'Période', 'string', 1, NULL, 1, '2026-03-28 22:22:29', '2026-03-28 22:22:29', 677),
	(261, 'date_doc', 'Date', 'date', 1, NULL, 1, '2026-03-28 22:22:30', '2026-03-28 22:22:30', 616),
	(262, 'beneficiaires', 'Bénéficiaires', 'string', 1, NULL, 2, '2026-03-28 22:22:30', '2026-03-28 22:22:30', 616),
	(263, 'num_avis', 'N° avis', 'string', 1, NULL, 1, '2026-03-28 22:22:30', '2026-03-28 22:22:30', 617),
	(264, 'montant', 'Montant', 'decimal', 1, NULL, 2, '2026-03-28 22:22:30', '2026-03-28 22:22:30', 617),
	(265, 'date_doc', 'Date', 'date', 1, NULL, 3, '2026-03-28 22:22:30', '2026-03-28 22:22:30', 617),
	(266, 'type_etat', 'Type', 'string', 1, NULL, 1, '2026-03-28 22:22:30', '2026-03-28 22:22:30', 618),
	(267, 'exercice', 'Exercice', 'string', 1, NULL, 2, '2026-03-28 22:22:30', '2026-03-28 22:22:30', 618),
	(268, 'date_doc', 'Date', 'date', 1, NULL, 3, '2026-03-28 22:22:30', '2026-03-28 22:22:30', 618),
	(269, 'periode', 'Période', 'string', 1, NULL, 1, '2026-03-28 22:22:30', '2026-03-28 22:22:30', 619),
	(270, 'montant', 'Montant', 'decimal', 1, NULL, 2, '2026-03-28 22:22:30', '2026-03-28 22:22:30', 619),
	(271, 'date_doc', 'Date', 'date', 1, NULL, 3, '2026-03-28 22:22:30', '2026-03-28 22:22:30', 619),
	(272, 'banque', 'Banque', 'string', 1, NULL, 1, '2026-03-28 22:22:30', '2026-03-28 22:22:30', 620),
	(273, 'num_compte', 'N° compte', 'string', 1, NULL, 2, '2026-03-28 22:22:30', '2026-03-28 22:22:30', 620),
	(274, 'periode', 'Période', 'string', 1, NULL, 3, '2026-03-28 22:22:30', '2026-03-28 22:22:30', 620),
	(275, 'num_ordre', 'N° ordre', 'string', 1, NULL, 1, '2026-03-28 22:22:30', '2026-03-28 22:22:30', 621),
	(276, 'montant', 'Montant', 'decimal', 1, NULL, 2, '2026-03-28 22:22:30', '2026-03-28 22:22:30', 621),
	(277, 'beneficiaire', 'Bénéficiaire', 'string', 1, NULL, 3, '2026-03-28 22:22:30', '2026-03-28 22:22:30', 621),
	(278, 'date_doc', 'Date', 'date', 1, NULL, 4, '2026-03-28 22:22:30', '2026-03-28 22:22:30', 621),
	(279, 'num_extreme', 'N° extrême', 'string', 1, NULL, 1, '2026-03-28 22:22:30', '2026-03-28 22:22:30', 622),
	(280, 'date_doc', 'Date', 'date', 1, NULL, 2, '2026-03-28 22:22:30', '2026-03-28 22:22:30', 622),
	(281, 'periode', 'Période', 'string', 1, NULL, 1, '2026-03-28 22:22:30', '2026-03-28 22:22:30', 624),
	(282, 'periode', 'Période', 'string', 1, NULL, 1, '2026-03-28 22:22:30', '2026-03-28 22:22:30', 625),
	(283, 'annee', 'Année', 'integer', 1, NULL, 1, '2026-03-28 22:22:30', '2026-03-28 22:22:30', 629),
	(284, 'service', 'Service', 'string', 1, NULL, 2, '2026-03-28 22:22:30', '2026-03-28 22:22:30', 629),
	(285, 'periode', 'Période', 'string', 1, NULL, 1, '2026-03-28 22:22:30', '2026-03-28 22:22:30', 630),
	(286, 'service', 'Service', 'string', 1, NULL, 2, '2026-03-28 22:22:30', '2026-03-28 22:22:30', 630),
	(287, 'date_doc', 'Date', 'date', 1, NULL, 3, '2026-03-28 22:22:30', '2026-03-28 22:22:30', 630),
	(288, 'num_releve', 'N° relevé', 'string', 1, NULL, 1, '2026-03-28 22:22:30', '2026-03-28 22:22:30', 631),
	(289, 'objet', 'Objet', 'string', 1, NULL, 2, '2026-03-28 22:22:30', '2026-03-28 22:22:30', 631),
	(290, 'date_doc', 'Date', 'date', 1, NULL, 3, '2026-03-28 22:22:30', '2026-03-28 22:22:30', 631),
	(291, 'theme', 'Thème', 'string', 1, NULL, 1, '2026-03-28 22:22:30', '2026-03-28 22:22:30', 646),
	(292, 'date_doc', 'Date', 'date', 1, NULL, 2, '2026-03-28 22:22:30', '2026-03-28 22:22:30', 646),
	(293, 'cible', 'Cible', 'string', 1, NULL, 3, '2026-03-28 22:22:30', '2026-03-28 22:22:30', 646),
	(294, 'theme', 'Thème', 'string', 1, NULL, 1, '2026-03-28 22:22:30', '2026-03-28 22:22:30', 647),
	(295, 'periode', 'Période', 'string', 1, NULL, 1, '2026-03-28 22:22:30', '2026-03-28 22:22:30', 648),
	(296, 'theme', 'Thème', 'string', 1, NULL, 1, '2026-03-28 22:22:30', '2026-03-28 22:22:30', 655),
	(297, 'periode', 'Période', 'string', 1, NULL, 2, '2026-03-28 22:22:30', '2026-03-28 22:22:30', 655),
	(298, 'service', 'Service', 'string', 1, NULL, 3, '2026-03-28 22:22:30', '2026-03-28 22:22:30', 655),
	(299, 'responsable', 'Responsable', 'string', 1, NULL, 4, '2026-03-28 22:22:30', '2026-03-28 22:22:30', 655),
	(300, 'theme', 'Thème', 'string', 1, NULL, 1, '2026-03-28 22:22:30', '2026-03-28 22:22:30', 659),
	(301, 'periode', 'Période', 'string', 1, NULL, 2, '2026-03-28 22:22:30', '2026-03-28 22:22:30', 659),
	(302, 'service', 'Service', 'string', 1, NULL, 3, '2026-03-28 22:22:30', '2026-03-28 22:22:30', 659),
	(303, 'responsable', 'Responsable', 'string', 1, NULL, 4, '2026-03-28 22:22:30', '2026-03-28 22:22:30', 659),
	(304, 'theme', 'Thème', 'string', 1, NULL, 1, '2026-03-28 22:22:30', '2026-03-28 22:22:30', 663),
	(305, 'periode', 'Période', 'string', 1, NULL, 2, '2026-03-28 22:22:30', '2026-03-28 22:22:30', 663),
	(306, 'service', 'Service', 'string', 1, NULL, 3, '2026-03-28 22:22:30', '2026-03-28 22:22:30', 663),
	(307, 'responsable', 'Responsable', 'string', 1, NULL, 4, '2026-03-28 22:22:30', '2026-03-28 22:22:30', 663),
	(308, 'periode', 'Période', 'string', 1, NULL, 1, '2026-03-28 22:22:30', '2026-03-28 22:22:30', 664),
	(309, 'date_doc', 'Date', 'date', 1, NULL, 2, '2026-03-28 22:22:30', '2026-03-28 22:22:30', 664),
	(310, 'periode', 'Période', 'string', 1, NULL, 1, '2026-03-28 22:22:30', '2026-03-28 22:22:30', 676),
	(311, 'source', 'Source', 'string', 1, NULL, 2, '2026-03-28 22:22:30', '2026-03-28 22:22:30', 676),
	(312, 'objet', 'Objet', 'string', 1, NULL, 3, '2026-03-28 22:22:30', '2026-03-28 22:22:30', 676),
	(313, 'num_dossier', 'N° dossier', 'string', 1, NULL, 1, '2026-03-28 22:22:30', '2026-03-28 22:22:30', 687),
	(314, 'parties', 'Parties', 'string', 1, NULL, 2, '2026-03-28 22:22:30', '2026-03-28 22:22:30', 687),
	(315, 'type_litige', 'Type de litige', 'string', 1, NULL, 3, '2026-03-28 22:22:30', '2026-03-28 22:22:30', 687),
	(316, 'nom_personnel', 'Nom du personnel', 'string', 1, NULL, 1, '2026-03-28 22:22:30', '2026-03-28 22:22:30', 688),
	(317, 'num_convention', 'N° convention', 'string', 1, NULL, 1, '2026-03-28 22:22:30', '2026-03-28 22:22:30', 690),
	(318, 'client', 'Client', 'string', 1, NULL, 2, '2026-03-28 22:22:30', '2026-03-28 22:22:30', 690),
	(319, 'date_doc', 'Date', 'date', 1, NULL, 3, '2026-03-28 22:22:30', '2026-03-28 22:22:30', 690),
	(320, 'objet', 'Objet', 'string', 1, NULL, 1, '2026-03-28 22:22:30', '2026-03-28 22:22:30', 691),
	(321, 'date_doc', 'Date', 'date', 1, NULL, 2, '2026-03-28 22:22:30', '2026-03-28 22:22:30', 691),
	(322, 'auteur', 'Auteur', 'string', 1, NULL, 3, '2026-03-28 22:22:30', '2026-03-28 22:22:30', 691),
	(324, 'type_periode', 'Type', 'select', 1, '["mensuel", "trimestriel", "annuel"]', 1, '2026-03-28 22:59:50', '2026-03-28 22:59:50', 540),
	(325, 'periode', 'Période', 'string', 1, NULL, 2, '2026-03-28 22:59:50', '2026-03-28 22:59:50', 540),
	(326, 'service', 'Service', 'string', 1, NULL, 3, '2026-03-28 22:59:50', '2026-03-28 22:59:50', 540),
	(327, 'date_doc', 'Date', 'date', 1, NULL, 4, '2026-03-28 22:59:50', '2026-03-28 22:59:50', 540),
	(328, 'type_periode', 'Type', 'select', 1, '["mensuel", "trimestriel", "annuel"]', 1, '2026-03-28 22:59:50', '2026-03-28 22:59:50', 549),
	(329, 'periode', 'Période', 'string', 1, NULL, 2, '2026-03-28 22:59:50', '2026-03-28 22:59:50', 549),
	(330, 'service', 'Service', 'string', 1, NULL, 3, '2026-03-28 22:59:50', '2026-03-28 22:59:50', 549),
	(331, 'date_doc', 'Date', 'date', 1, NULL, 4, '2026-03-28 22:59:50', '2026-03-28 22:59:50', 549),
	(332, 'type_periode', 'Type', 'select', 1, '["mensuel", "trimestriel", "annuel"]', 1, '2026-03-28 22:59:50', '2026-03-28 22:59:50', 567),
	(333, 'periode', 'Période', 'string', 1, NULL, 2, '2026-03-28 22:59:50', '2026-03-28 22:59:50', 567),
	(334, 'service', 'Service', 'string', 1, NULL, 3, '2026-03-28 22:59:50', '2026-03-28 22:59:50', 567),
	(335, 'date_doc', 'Date', 'date', 1, NULL, 4, '2026-03-28 22:59:50', '2026-03-28 22:59:50', 567),
	(336, 'type_periode', 'Type', 'select', 1, '["mensuel", "trimestriel", "annuel"]', 1, '2026-03-28 22:59:50', '2026-03-28 22:59:50', 577),
	(337, 'periode', 'Période', 'string', 1, NULL, 2, '2026-03-28 22:59:50', '2026-03-28 22:59:50', 577),
	(338, 'service', 'Service', 'string', 1, NULL, 3, '2026-03-28 22:59:50', '2026-03-28 22:59:50', 577),
	(339, 'date_doc', 'Date', 'date', 1, NULL, 4, '2026-03-28 22:59:50', '2026-03-28 22:59:50', 577),
	(340, 'type_periode', 'Type', 'select', 1, '["mensuel", "trimestriel", "annuel"]', 1, '2026-03-28 22:59:50', '2026-03-28 22:59:50', 588),
	(341, 'periode', 'Période', 'string', 1, NULL, 2, '2026-03-28 22:59:50', '2026-03-28 22:59:50', 588),
	(342, 'service', 'Service', 'string', 1, NULL, 3, '2026-03-28 22:59:50', '2026-03-28 22:59:50', 588),
	(343, 'date_doc', 'Date', 'date', 1, NULL, 4, '2026-03-28 22:59:50', '2026-03-28 22:59:50', 588),
	(344, 'type_periode', 'Type', 'select', 1, '["mensuel", "trimestriel", "annuel"]', 1, '2026-03-28 22:59:50', '2026-03-28 22:59:50', 596),
	(345, 'periode', 'Période', 'string', 1, NULL, 2, '2026-03-28 22:59:50', '2026-03-28 22:59:50', 596),
	(346, 'service', 'Service', 'string', 1, NULL, 3, '2026-03-28 22:59:50', '2026-03-28 22:59:50', 596),
	(347, 'date_doc', 'Date', 'date', 1, NULL, 4, '2026-03-28 22:59:50', '2026-03-28 22:59:50', 596),
	(348, 'type_periode', 'Type', 'select', 1, '["mensuel", "trimestriel", "annuel"]', 1, '2026-03-28 22:59:50', '2026-03-28 22:59:50', 600),
	(349, 'periode', 'Période', 'string', 1, NULL, 2, '2026-03-28 22:59:50', '2026-03-28 22:59:50', 600),
	(350, 'service', 'Service', 'string', 1, NULL, 3, '2026-03-28 22:59:50', '2026-03-28 22:59:50', 600),
	(351, 'date_doc', 'Date', 'date', 1, NULL, 4, '2026-03-28 22:59:50', '2026-03-28 22:59:50', 600),
	(352, 'type_periode', 'Type', 'select', 1, '["mensuel", "trimestriel", "annuel"]', 1, '2026-03-28 22:59:50', '2026-03-28 22:59:50', 613),
	(353, 'periode', 'Période', 'string', 1, NULL, 2, '2026-03-28 22:59:50', '2026-03-28 22:59:50', 613),
	(354, 'service', 'Service', 'string', 1, NULL, 3, '2026-03-28 22:59:50', '2026-03-28 22:59:50', 613),
	(355, 'date_doc', 'Date', 'date', 1, NULL, 4, '2026-03-28 22:59:50', '2026-03-28 22:59:50', 613),
	(356, 'type_periode', 'Type', 'select', 1, '["mensuel", "trimestriel", "annuel"]', 1, '2026-03-28 22:59:50', '2026-03-28 22:59:50', 628),
	(357, 'periode', 'Période', 'string', 1, NULL, 2, '2026-03-28 22:59:50', '2026-03-28 22:59:50', 628),
	(358, 'service', 'Service', 'string', 1, NULL, 3, '2026-03-28 22:59:50', '2026-03-28 22:59:50', 628),
	(359, 'date_doc', 'Date', 'date', 1, NULL, 4, '2026-03-28 22:59:50', '2026-03-28 22:59:50', 628),
	(360, 'type_periode', 'Type', 'select', 1, '["mensuel", "trimestriel", "annuel"]', 1, '2026-03-28 22:59:50', '2026-03-28 22:59:50', 635),
	(361, 'periode', 'Période', 'string', 1, NULL, 2, '2026-03-28 22:59:50', '2026-03-28 22:59:50', 635),
	(362, 'service', 'Service', 'string', 1, NULL, 3, '2026-03-28 22:59:50', '2026-03-28 22:59:50', 635),
	(363, 'date_doc', 'Date', 'date', 1, NULL, 4, '2026-03-28 22:59:50', '2026-03-28 22:59:50', 635),
	(364, 'type_periode', 'Type', 'select', 1, '["mensuel", "trimestriel", "annuel"]', 1, '2026-03-28 22:59:50', '2026-03-28 22:59:50', 641),
	(365, 'periode', 'Période', 'string', 1, NULL, 2, '2026-03-28 22:59:50', '2026-03-28 22:59:50', 641),
	(366, 'service', 'Service', 'string', 1, NULL, 3, '2026-03-28 22:59:50', '2026-03-28 22:59:50', 641),
	(367, 'date_doc', 'Date', 'date', 1, NULL, 4, '2026-03-28 22:59:50', '2026-03-28 22:59:50', 641),
	(368, 'type_periode', 'Type', 'select', 1, '["mensuel", "trimestriel", "annuel"]', 1, '2026-03-28 22:59:50', '2026-03-28 22:59:50', 645),
	(369, 'periode', 'Période', 'string', 1, NULL, 2, '2026-03-28 22:59:50', '2026-03-28 22:59:50', 645),
	(370, 'service', 'Service', 'string', 1, NULL, 3, '2026-03-28 22:59:50', '2026-03-28 22:59:50', 645),
	(371, 'date_doc', 'Date', 'date', 1, NULL, 4, '2026-03-28 22:59:50', '2026-03-28 22:59:50', 645),
	(372, 'type_periode', 'Type', 'select', 1, '["mensuel", "trimestriel", "annuel"]', 1, '2026-03-28 22:59:50', '2026-03-28 22:59:50', 654),
	(373, 'periode', 'Période', 'string', 1, NULL, 2, '2026-03-28 22:59:50', '2026-03-28 22:59:50', 654),
	(374, 'service', 'Service', 'string', 1, NULL, 3, '2026-03-28 22:59:50', '2026-03-28 22:59:50', 654),
	(375, 'date_doc', 'Date', 'date', 1, NULL, 4, '2026-03-28 22:59:50', '2026-03-28 22:59:50', 654),
	(376, 'type_periode', 'Type', 'select', 1, '["mensuel", "trimestriel", "annuel"]', 1, '2026-03-28 22:59:50', '2026-03-28 22:59:50', 658),
	(377, 'periode', 'Période', 'string', 1, NULL, 2, '2026-03-28 22:59:50', '2026-03-28 22:59:50', 658),
	(378, 'service', 'Service', 'string', 1, NULL, 3, '2026-03-28 22:59:50', '2026-03-28 22:59:50', 658),
	(379, 'date_doc', 'Date', 'date', 1, NULL, 4, '2026-03-28 22:59:50', '2026-03-28 22:59:50', 658),
	(380, 'type_periode', 'Type', 'select', 1, '["mensuel", "trimestriel", "annuel"]', 1, '2026-03-28 22:59:50', '2026-03-28 22:59:50', 662),
	(381, 'periode', 'Période', 'string', 1, NULL, 2, '2026-03-28 22:59:50', '2026-03-28 22:59:50', 662),
	(382, 'service', 'Service', 'string', 1, NULL, 3, '2026-03-28 22:59:50', '2026-03-28 22:59:50', 662),
	(383, 'date_doc', 'Date', 'date', 1, NULL, 4, '2026-03-28 22:59:50', '2026-03-28 22:59:50', 662),
	(384, 'type_periode', 'Type', 'select', 1, '["mensuel", "trimestriel", "annuel"]', 1, '2026-03-28 22:59:50', '2026-03-28 22:59:50', 667),
	(385, 'periode', 'Période', 'string', 1, NULL, 2, '2026-03-28 22:59:50', '2026-03-28 22:59:50', 667),
	(386, 'service', 'Service', 'string', 1, NULL, 3, '2026-03-28 22:59:50', '2026-03-28 22:59:50', 667),
	(387, 'date_doc', 'Date', 'date', 1, NULL, 4, '2026-03-28 22:59:50', '2026-03-28 22:59:50', 667),
	(388, 'type_periode', 'Type', 'select', 1, '["mensuel", "trimestriel", "annuel"]', 1, '2026-03-28 22:59:50', '2026-03-28 22:59:50', 670),
	(389, 'periode', 'Période', 'string', 1, NULL, 2, '2026-03-28 22:59:50', '2026-03-28 22:59:50', 670),
	(390, 'service', 'Service', 'string', 1, NULL, 3, '2026-03-28 22:59:50', '2026-03-28 22:59:50', 670),
	(391, 'date_doc', 'Date', 'date', 1, NULL, 4, '2026-03-28 22:59:50', '2026-03-28 22:59:50', 670),
	(392, 'type_periode', 'Type', 'select', 1, '["mensuel", "trimestriel", "annuel"]', 1, '2026-03-28 22:59:50', '2026-03-28 22:59:50', 673),
	(393, 'periode', 'Période', 'string', 1, NULL, 2, '2026-03-28 22:59:50', '2026-03-28 22:59:50', 673),
	(394, 'service', 'Service', 'string', 1, NULL, 3, '2026-03-28 22:59:50', '2026-03-28 22:59:50', 673),
	(395, 'date_doc', 'Date', 'date', 1, NULL, 4, '2026-03-28 22:59:50', '2026-03-28 22:59:50', 673),
	(396, 'type_periode', 'Type', 'select', 1, '["mensuel", "trimestriel", "annuel"]', 1, '2026-03-28 22:59:50', '2026-03-28 22:59:50', 678),
	(397, 'periode', 'Période', 'string', 1, NULL, 2, '2026-03-28 22:59:50', '2026-03-28 22:59:50', 678),
	(398, 'service', 'Service', 'string', 1, NULL, 3, '2026-03-28 22:59:50', '2026-03-28 22:59:50', 678),
	(399, 'date_doc', 'Date', 'date', 1, NULL, 4, '2026-03-28 22:59:50', '2026-03-28 22:59:50', 678),
	(400, 'type_periode', 'Type', 'select', 1, '["mensuel", "trimestriel", "annuel"]', 1, '2026-03-28 22:59:50', '2026-03-28 22:59:50', 681),
	(401, 'periode', 'Période', 'string', 1, NULL, 2, '2026-03-28 22:59:50', '2026-03-28 22:59:50', 681),
	(402, 'service', 'Service', 'string', 1, NULL, 3, '2026-03-28 22:59:50', '2026-03-28 22:59:50', 681),
	(403, 'date_doc', 'Date', 'date', 1, NULL, 4, '2026-03-28 22:59:50', '2026-03-28 22:59:50', 681),
	(404, 'type_periode', 'Type', 'select', 1, '["mensuel", "trimestriel", "annuel"]', 1, '2026-03-28 22:59:50', '2026-03-28 22:59:50', 685),
	(405, 'periode', 'Période', 'string', 1, NULL, 2, '2026-03-28 22:59:50', '2026-03-28 22:59:50', 685),
	(406, 'service', 'Service', 'string', 1, NULL, 3, '2026-03-28 22:59:50', '2026-03-28 22:59:50', 685),
	(407, 'date_doc', 'Date', 'date', 1, NULL, 4, '2026-03-28 22:59:50', '2026-03-28 22:59:50', 685),
	(408, 'type_periode', 'Type', 'select', 1, '["mensuel", "trimestriel", "annuel"]', 1, '2026-03-28 22:59:50', '2026-03-28 22:59:50', 694),
	(409, 'periode', 'Période', 'string', 1, NULL, 2, '2026-03-28 22:59:50', '2026-03-28 22:59:50', 694),
	(410, 'service', 'Service', 'string', 1, NULL, 3, '2026-03-28 22:59:50', '2026-03-28 22:59:50', 694),
	(411, 'date_doc', 'Date', 'date', 1, NULL, 4, '2026-03-28 22:59:50', '2026-03-28 22:59:50', 694);
